Water Control Zone,Station,Latitude,Longitude,Dates,Sample No,Depth,5-day Biochemical Oxygen Demand (mg/L),Ammonia Nitrogen (mg/L),Chlorophyll-a (μg/L),Dissolved Oxygen (mg/L),Faecal Coliforms (cfu/100mL),Orthophosphate Phosphorus (mg/L),Phaeo-pigments (μg/L),Salinity (psu),Total Inorganic Nitrogen (mg/L),Total Nitrogen (mg/L),Turbidity (NTU),Volatile Suspended Solids (mg/L)
Tolo Harbour and Channel,TM2,22.4124,114.218083,5/21/2015,1,Surface Water,1.4,0.13,6.4,4.5,4500,0.018,0,24,0.3,0.55,7.6,1.6
Tolo Harbour and Channel,TM2,22.4124,114.218083,5/21/2015,1,Bottom Water,0.9,0.12,2.3,5.2,1600,0.012,0,29.8,0.2,0.4,4,1.1
Tolo Harbour and Channel,TM2,22.4124,114.218083,6/25/2015,1,Surface Water,2,0.028,7.5,6.8,24000,0.007,1.1,27.4,0.21,0.52,2.6,0
Tolo Harbour and Channel,TM2,22.4124,114.218083,6/25/2015,1,Bottom Water,1.8,0.032,5,6.9,2800,0.003,2.1,28.1,0.16,0.41,2.4,0
Tolo Harbour and Channel,TM2,22.4124,114.218083,7/8/2015,1,Surface Water,1.6,0.033,2.4,4.8,25,0.005,2.2,32.2,0.04,0.22,3,2
Tolo Harbour and Channel,TM2,22.4124,114.218083,7/8/2015,1,Bottom Water,1.5,0.027,2,6.4,2,0.005,1.4,32.2,0.03,0.26,3,5.8
Tolo Harbour and Channel,TM2,22.4124,114.218083,8/12/2015,1,Surface Water,2.2,0.027,4.4,6.8,85,0.005,1.1,32.4,0.03,0.3,2.7,1.2
Tolo Harbour and Channel,TM2,22.4124,114.218083,8/12/2015,1,Bottom Water,2.1,0.047,6.2,6.1,52,0.006,1.9,32.6,0.05,0.63,2.9,1.9
Tolo Harbour and Channel,TM2,22.4124,114.218083,9/18/2015,1,Surface Water,0.9,0.028,1.7,4.6,8,0.004,2.1,32,0.05,0.35,2.5,1.8
Tolo Harbour and Channel,TM2,22.4124,114.218083,9/18/2015,1,Bottom Water,1,0.043,3.4,6.2,9,0.005,2.5,32.3,0.05,0.34,2.5,2.8
Tolo Harbour and Channel,TM2,22.4124,114.218083,10/9/2015,1,Surface Water,1.7,0.039,17,8.5,2400,0.01,1.8,16.7,0.31,0.74,3.9,2.3
Tolo Harbour and Channel,TM2,22.4124,114.218083,10/9/2015,1,Bottom Water,0.6,0.23,2.4,2.5,740,0.017,2.3,32.1,0.25,0.75,3.4,6.1
Tolo Harbour and Channel,TM2,22.4124,114.218083,11/19/2015,1,Surface Water,1.4,0.05,9.2,5.6,250,0.005,1.6,30.7,0.09,0.8,3.1,0
Tolo Harbour and Channel,TM2,22.4124,114.218083,11/19/2015,1,Bottom Water,1.7,0.045,11,8.4,110,0.005,1.5,31.8,0.07,0.52,2.8,0.9
Tolo Harbour and Channel,TM2,22.4124,114.218083,12/18/2015,1,Surface Water,1.9,0.071,8.9,5.8,550,0.004,2.4,29.7,0.14,1.05,3.3,1.7
Tolo Harbour and Channel,TM2,22.4124,114.218083,12/18/2015,1,Bottom Water,2.5,0.052,15,8.1,130,0.004,2,30.6,0.08,0.93,3.3,2
Tolo Harbour and Channel,TM2,22.4124,114.218083,1/14/2016,1,Surface Water,6.6,0.15,41,8,56,0.004,3.2,29,0.18,0.6,3.6,3.2
Tolo Harbour and Channel,TM2,22.4124,114.218083,1/14/2016,1,Bottom Water,5.9,0.15,30,11.5,3,0.005,1.4,30.4,0.16,0.58,3.3,3.9
Tolo Harbour and Channel,TM2,22.4124,114.218083,2/19/2016,1,Surface Water,3.2,0.072,15,8.7,190,0.004,3.8,27.7,0.09,0.78,3,2.5
Tolo Harbour and Channel,TM2,22.4124,114.218083,2/19/2016,1,Bottom Water,2.1,0.061,11,10,57,0.003,1.8,29.7,0.07,0.86,2.9,1.9
Tolo Harbour and Channel,TM2,22.4124,114.218083,3/18/2016,1,Surface Water,0.8,0.11,1,6.1,50,0.005,0.4,29.5,0.18,0.43,0.9,0.8
Tolo Harbour and Channel,TM2,22.4124,114.218083,3/18/2016,1,Bottom Water,0.6,0.12,1,5.3,5,0.006,0.9,29.5,0.18,0.3,0.7,0.8
Tolo Harbour and Channel,TM2,22.4124,114.218083,4/14/2016,1,Surface Water,11,0.13,53,5,3200,0.006,4.9,24.7,0.33,0.91,3.2,6.2
Tolo Harbour and Channel,TM2,22.4124,114.218083,4/14/2016,1,Bottom Water,1.3,0.087,1.2,5.8,810,0,0.9,29.8,0.11,0.35,0.8,0.9
Tolo Harbour and Channel,TM2,22.4124,114.218083,5/11/2016,1,Surface Water,2.3,0,5.2,7,11000,0.034,0.4,23,0.39,0.82,6.1,3.2
Tolo Harbour and Channel,TM2,22.4124,114.218083,5/11/2016,1,Bottom Water,2.5,0.14,5.6,6.7,9300,0.023,0.9,28.7,0.32,0.49,2,1.2
Tolo Harbour and Channel,TM2,22.4124,114.218083,6/13/2016,1,Surface Water,0.6,0.055,1.3,4.7,100,0.005,0,31.1,0.07,0.87,0.7,0.8
Tolo Harbour and Channel,TM2,22.4124,114.218083,6/13/2016,1,Bottom Water,0.7,0.07,0.6,4,90,0.006,0.3,31.1,0.08,0.54,0.7,1
Tolo Harbour and Channel,TM2,22.4124,114.218083,7/18/2016,1,Surface Water,1.6,0.024,8.1,5.5,60,0.002,3.4,32.3,0.03,1.1,2.6,2.3
Tolo Harbour and Channel,TM2,22.4124,114.218083,7/18/2016,1,Bottom Water,2.6,0.036,15,4.1,71,0.014,5.6,32.5,0.06,1.13,2.2,2.2
Tolo Harbour and Channel,TM2,22.4124,114.218083,8/19/2016,1,Surface Water,2.9,0.084,15,6.8,5100,0.005,4.2,23,0.15,0.72,4,2.1
Tolo Harbour and Channel,TM2,22.4124,114.218083,8/19/2016,1,Bottom Water,1.5,0.078,2.1,6.6,1000,0.006,1.2,23.9,0.09,0.98,1,1
Tolo Harbour and Channel,TM2,22.4124,114.218083,9/29/2016,1,Surface Water,2,0.051,5.6,4.7,180,0.005,4.3,29,0.09,0.2,1.7,0.9
Tolo Harbour and Channel,TM2,22.4124,114.218083,9/29/2016,1,Bottom Water,2,0.043,11,4.7,180,0.007,2.2,30.8,0.05,0.42,1.3,0.6
Tolo Harbour and Channel,TM2,22.4124,114.218083,10/13/2016,1,Surface Water,3.2,0.079,6.2,6.2,120,0.005,1.9,25,0.12,0.29,9.5,1.6
Tolo Harbour and Channel,TM2,22.4124,114.218083,10/13/2016,1,Bottom Water,1.9,0.051,2.9,5,58,0.004,1.4,27,0.06,0.82,1.2,1.5
Tolo Harbour and Channel,TM2,22.4124,114.218083,11/10/2016,1,Surface Water,1.4,0.16,6.5,4.6,230,0.011,1.8,28.9,0.31,0.41,1.1,1
Tolo Harbour and Channel,TM2,22.4124,114.218083,11/10/2016,1,Bottom Water,1.2,0.099,5.7,4.4,100,0.009,3.3,27.4,0.2,0.32,0.7,0.8
Tolo Harbour and Channel,TM2,22.4124,114.218083,12/12/2016,1,Surface Water,1.4,0.027,6.8,6.9,11,0,1.6,29.6,0.08,0.3,2.5,1.1
Tolo Harbour and Channel,TM2,22.4124,114.218083,12/12/2016,1,Bottom Water,1.4,0.02,7.7,6.7,14,0,2.3,29.8,0.07,0.51,2.6,1.1
Tolo Harbour and Channel,TM2,22.4124,114.218083,1/18/2017,1,Surface Water,1.1,0.13,0.4,4.9,72,0.003,0.8,29.9,0.19,0.38,0.9,0.5
Tolo Harbour and Channel,TM2,22.4124,114.218083,1/18/2017,1,Bottom Water,0.9,0.1,0.9,4.7,2,0,0.9,30.2,0.11,0.33,0.9,0.8
Tolo Harbour and Channel,TM2,22.4124,114.218083,2/20/2017,1,Surface Water,1,0.016,5.9,7.1,2,0.002,0.8,30,0.02,0.15,2.7,1.2
Tolo Harbour and Channel,TM2,22.4124,114.218083,2/20/2017,1,Bottom Water,0.9,0.031,4,6.9,8,0.002,1.6,30.3,0.04,0.73,3,1.5
Tolo Harbour and Channel,TM2,22.4124,114.218083,3/10/2017,1,Surface Water,1.2,0.071,4,6.2,17,0.003,2,30.4,0.09,0.52,2.8,0.8
Tolo Harbour and Channel,TM2,22.4124,114.218083,3/10/2017,1,Bottom Water,1.1,0.068,3.6,6.7,47,0.003,1.1,30.5,0.09,0.44,2.8,1.2
Tolo Harbour and Channel,TM2,22.4124,114.218083,4/5/2017,1,Surface Water,1.6,0.053,0.7,7.4,2,0.004,0,29.9,0.12,0.34,2.5,2.2
Tolo Harbour and Channel,TM2,22.4124,114.218083,4/5/2017,1,Bottom Water,1.5,0.062,0.9,6.6,3,0.003,0,30.3,0.13,0.4,0.5,1.6
Tolo Harbour and Channel,TM2,22.4124,114.218083,5/19/2017,1,Surface Water,2.7,0.059,4.1,7.7,10,0.003,3.8,28.5,0.11,0.4,2.5,2.7
Tolo Harbour and Channel,TM2,22.4124,114.218083,5/19/2017,1,Bottom Water,1.3,0.032,2.3,6.9,3,0,0.5,29.2,0.05,0.28,0.6,0.6
Tolo Harbour and Channel,TM2,22.4124,114.218083,6/14/2017,1,Surface Water,1,0.082,1.4,4.6,12000,0.003,1.2,29.1,0.16,0.36,2.5,1.4
Tolo Harbour and Channel,TM2,22.4124,114.218083,6/14/2017,1,Bottom Water,0.9,0.061,1.6,4.7,2900,0.009,0.4,31.4,0.09,0.31,0.7,0.8
Tolo Harbour and Channel,TM2,22.4124,114.218083,7/12/2017,1,Surface Water,3.8,0.023,6.4,5.6,8,0,1.4,26.8,0.03,0.18,2.4,2.6
Tolo Harbour and Channel,TM2,22.4124,114.218083,7/12/2017,1,Bottom Water,3.3,0.023,16,8.6,14,0.003,3.2,27.3,0.03,0.26,1.9,2.9
Tolo Harbour and Channel,TM2,22.4124,114.218083,8/18/2017,1,Surface Water,2.8,0.006,4.9,7.2,12,0.006,1.5,31.7,0.01,0.35,0.8,1.8
Tolo Harbour and Channel,TM2,22.4124,114.218083,8/18/2017,1,Bottom Water,2.6,0.024,5.7,8.1,23,0.017,2.5,32.4,0.03,0.29,0.8,2.2
Tolo Harbour and Channel,TM2,22.4124,114.218083,9/20/2017,1,Surface Water,2,0.014,1.7,6.3,90,0.004,1,29.8,0.02,0.85,0.9,2.6
Tolo Harbour and Channel,TM2,22.4124,114.218083,9/20/2017,1,Bottom Water,1.9,0.012,1.8,7.4,31,0.004,1.2,30.2,0.02,0.5,1.1,3.2
Tolo Harbour and Channel,TM2,22.4124,114.218083,10/19/2017,1,Surface Water,1.6,0.1,2.7,6.4,2900,0.014,2.3,23.1,0.34,0.53,0.9,1.7
Tolo Harbour and Channel,TM2,22.4124,114.218083,10/19/2017,1,Bottom Water,1.4,0.08,2.3,5.6,180,0.005,1.3,29.2,0.16,0.33,0.9,1.6
Tolo Harbour and Channel,TM3,22.447617,114.203017,5/21/2015,1,Surface Water,1.3,0.1,3.3,5.7,11000,0.018,1.1,22,0.3,0.61,8.8,2
Tolo Harbour and Channel,TM3,22.447617,114.203017,5/21/2015,1,Middle Water,1,0.099,3.1,5.8,2900,0.007,0,25.4,0.19,0.44,6.3,1.1
Tolo Harbour and Channel,TM3,22.447617,114.203017,5/21/2015,1,Bottom Water,0.8,0.088,2.6,5.2,1000,0.005,1.1,30.2,0.13,0.3,4,0.7
Tolo Harbour and Channel,TM3,22.447617,114.203017,6/25/2015,1,Surface Water,2.9,0.079,19,6.6,2800,0.007,4.7,26.3,0.27,0.67,2.8,1
Tolo Harbour and Channel,TM3,22.447617,114.203017,6/25/2015,1,Middle Water,2.6,0.055,15,6.8,5000,0.005,3.6,28.1,0.22,0.57,2.3,0
Tolo Harbour and Channel,TM3,22.447617,114.203017,6/25/2015,1,Bottom Water,1.7,0.033,7.9,6.5,800,0.003,2.9,29.3,0.17,0.43,2.2,0
Tolo Harbour and Channel,TM3,22.447617,114.203017,7/8/2015,1,Surface Water,1.6,0.032,1.9,6.3,62,0.006,0.4,32.2,0.04,0.35,2.7,1.4
Tolo Harbour and Channel,TM3,22.447617,114.203017,7/8/2015,1,Middle Water,1.1,0.029,2.3,6.9,2,0.006,1.7,32.2,0.03,0.19,2.6,0.8
Tolo Harbour and Channel,TM3,22.447617,114.203017,7/8/2015,1,Bottom Water,1.1,0.051,1.5,5.9,3,0.007,1.3,32.4,0.06,0.24,2.7,3
Tolo Harbour and Channel,TM3,22.447617,114.203017,8/12/2015,1,Surface Water,2.9,0.031,8.3,5.2,100,0.004,0.5,32.1,0.04,0.33,3,1.4
Tolo Harbour and Channel,TM3,22.447617,114.203017,8/12/2015,1,Middle Water,2.1,0.022,4.4,8,360,0.004,0,32.4,0.03,0.31,2.7,1
Tolo Harbour and Channel,TM3,22.447617,114.203017,8/12/2015,1,Bottom Water,1.6,0.023,3.7,6,53,0.006,0.5,33,0.03,0.28,2.6,1.4
Tolo Harbour and Channel,TM3,22.447617,114.203017,9/18/2015,1,Surface Water,1.3,0.023,4,7.1,0,0.004,1.9,31.9,0.03,0.26,2.7,1.4
Tolo Harbour and Channel,TM3,22.447617,114.203017,9/18/2015,1,Middle Water,0.8,0.03,1.4,6.9,3,0.005,0.5,32.2,0.03,0.35,2.6,0.6
Tolo Harbour and Channel,TM3,22.447617,114.203017,9/18/2015,1,Bottom Water,0.8,0.026,3.2,5,0,0.006,2.3,32.9,0.03,0.3,2.5,1.4
Tolo Harbour and Channel,TM3,22.447617,114.203017,10/9/2015,1,Surface Water,1.7,0.043,19,7.9,5700,0.002,1.9,28.2,0.1,0.63,3.4,2.5
Tolo Harbour and Channel,TM3,22.447617,114.203017,10/9/2015,1,Middle Water,0.6,0.15,5.2,5.9,80,0.008,1.6,32,0.16,0.57,3.1,1.2
Tolo Harbour and Channel,TM3,22.447617,114.203017,10/9/2015,1,Bottom Water,0.6,0.13,2.9,4,140,0.009,0.8,32.5,0.15,0.54,3.3,3.5
Tolo Harbour and Channel,TM3,22.447617,114.203017,11/19/2015,1,Surface Water,1.4,0.052,4.1,7.6,13,0.004,1.4,31.5,0.1,0.53,3.2,0.6
Tolo Harbour and Channel,TM3,22.447617,114.203017,11/19/2015,1,Middle Water,1.7,0.033,11,8.7,39,0.005,1.4,32,0.06,0.59,2.7,1.3
Tolo Harbour and Channel,TM3,22.447617,114.203017,11/19/2015,1,Bottom Water,1.2,0.03,16,4.3,2,0.007,2.1,32.7,0.1,0.45,3.3,1
Tolo Harbour and Channel,TM3,22.447617,114.203017,12/18/2015,1,Surface Water,2,0.045,13,7.3,340,0.004,1.7,32.1,0.06,0.67,4.2,1.4
Tolo Harbour and Channel,TM3,22.447617,114.203017,12/18/2015,1,Middle Water,2.2,0.048,13,8,370,0.005,1.6,32.1,0.07,0.54,3.9,3.1
Tolo Harbour and Channel,TM3,22.447617,114.203017,12/18/2015,1,Bottom Water,2.2,0.042,13,7.9,250,0.004,1.5,32.2,0.06,0.83,4,2.1
Tolo Harbour and Channel,TM3,22.447617,114.203017,1/14/2016,1,Surface Water,5,0.12,21,9.2,100,0.01,0.9,29.8,0.12,0.5,3.3,2.4
Tolo Harbour and Channel,TM3,22.447617,114.203017,1/14/2016,1,Middle Water,6.8,0.19,35,11.7,64,0.009,3.2,30.2,0.2,0.66,3.5,4
Tolo Harbour and Channel,TM3,22.447617,114.203017,1/14/2016,1,Bottom Water,2.2,0.082,14,6.3,17,0.005,0.9,31.7,0.09,0.33,2.8,3.3
Tolo Harbour and Channel,TM3,22.447617,114.203017,2/19/2016,1,Surface Water,3.1,0.042,12,8.7,31,0.004,0.6,29.2,0.05,0.66,3,2.4
Tolo Harbour and Channel,TM3,22.447617,114.203017,2/19/2016,1,Middle Water,1.3,0.054,7.4,10.6,15,0.003,2.5,29.5,0.09,0.61,2.8,1.4
Tolo Harbour and Channel,TM3,22.447617,114.203017,2/19/2016,1,Bottom Water,1,0.059,4.1,5.3,1,0.003,0.8,30.8,0.1,0.66,3.4,1
Tolo Harbour and Channel,TM3,22.447617,114.203017,3/18/2016,1,Surface Water,0.7,0.1,0.8,6.6,9,0.004,0,30.1,0.16,0.41,0.7,0
Tolo Harbour and Channel,TM3,22.447617,114.203017,3/18/2016,1,Middle Water,0.7,0.1,0.6,5.7,21,0.005,0.2,30,0.16,0.47,0.6,0.6
Tolo Harbour and Channel,TM3,22.447617,114.203017,3/18/2016,1,Bottom Water,0.6,0.086,3.3,5,4,0.005,0,30.1,0.13,0.32,1.3,1.1
Tolo Harbour and Channel,TM3,22.447617,114.203017,4/14/2016,1,Surface Water,5.9,0.31,29,6.4,7400,0.004,5,25.1,0.7,0.98,3,4.8
Tolo Harbour and Channel,TM3,22.447617,114.203017,4/14/2016,1,Middle Water,2.4,0.077,4.8,6.6,330,0,2.7,29.9,0.09,0.39,0.4,1.6
Tolo Harbour and Channel,TM3,22.447617,114.203017,4/14/2016,1,Bottom Water,1.4,0.06,1,5.2,100,0,0.5,30.9,0.07,0.28,0.3,0.9
Tolo Harbour and Channel,TM3,22.447617,114.203017,5/11/2016,1,Surface Water,2.7,0.19,7.6,7.4,12000,0.039,2.6,22.8,0.5,0.82,6.8,2.9
Tolo Harbour and Channel,TM3,22.447617,114.203017,5/11/2016,1,Middle Water,2.4,0.082,11,7.3,580,0.003,2.5,29,0.11,0.55,1.5,1
Tolo Harbour and Channel,TM3,22.447617,114.203017,5/11/2016,1,Bottom Water,1.4,0.062,6,5.5,220,0.006,0.3,30.5,0.08,1.01,0.9,1.4
Tolo Harbour and Channel,TM3,22.447617,114.203017,6/13/2016,1,Surface Water,1.8,0.055,4.8,7,1200,0.004,2.7,27.5,0.09,0.23,1.3,0.6
Tolo Harbour and Channel,TM3,22.447617,114.203017,6/13/2016,1,Middle Water,1.2,0.059,2.7,5.4,52,0.004,0.5,27.5,0.07,0.45,0.8,1
Tolo Harbour and Channel,TM3,22.447617,114.203017,6/13/2016,1,Bottom Water,0.7,0.059,0.6,4.6,14,0.007,0.5,27.5,0.07,0.39,0.9,0
Tolo Harbour and Channel,TM3,22.447617,114.203017,7/18/2016,1,Surface Water,2.2,0.034,8.6,5.7,84,0,2,30.7,0.04,0.62,3.4,2.8
Tolo Harbour and Channel,TM3,22.447617,114.203017,7/18/2016,1,Middle Water,1.8,0.019,6.6,5.8,160,0.002,1.7,31.6,0.02,0.67,1.6,2.1
Tolo Harbour and Channel,TM3,22.447617,114.203017,7/18/2016,1,Bottom Water,2,0.021,13,5.8,2,0.012,5.1,34,0.08,1.36,1.7,2.4
Tolo Harbour and Channel,TM3,22.447617,114.203017,8/19/2016,1,Surface Water,3.5,0.07,20,6.9,160,0.005,4.9,24.2,0.07,0.48,2.8,2.2
Tolo Harbour and Channel,TM3,22.447617,114.203017,8/19/2016,1,Middle Water,1.9,0.06,9.6,6.9,150,0.005,2.6,25,0.06,1.2,1.5,1.5
Tolo Harbour and Channel,TM3,22.447617,114.203017,8/19/2016,1,Bottom Water,0.6,0.036,1.7,7.2,14,0.003,0.7,30.8,0.04,0.65,0.8,0.7
Tolo Harbour and Channel,TM3,22.447617,114.203017,9/29/2016,1,Surface Water,1.2,0.069,3.4,6.6,30,0.014,1.5,31.9,0.09,0.21,41.8,0.8
Tolo Harbour and Channel,TM3,22.447617,114.203017,9/29/2016,1,Middle Water,1.2,0.065,3.6,3.2,34,0.015,2.8,31.8,0.08,0.26,1.3,0.8
Tolo Harbour and Channel,TM3,22.447617,114.203017,9/29/2016,1,Bottom Water,1,0.063,2.4,3.2,90,0.015,3.9,31.8,0.08,0.18,1.6,0.7
Tolo Harbour and Channel,TM3,22.447617,114.203017,10/13/2016,1,Surface Water,1.8,0.065,2.9,5.6,21,0.004,0.7,29.2,0.08,0.5,1.2,1.1
Tolo Harbour and Channel,TM3,22.447617,114.203017,10/13/2016,1,Middle Water,1.8,0.046,3.2,6.7,26,0.003,1.5,29.3,0.05,0.37,1,1.2
Tolo Harbour and Channel,TM3,22.447617,114.203017,10/13/2016,1,Bottom Water,0.8,0.042,2.5,4.3,10,0.004,1.2,31.2,0.06,0.71,1.5,0.8
Tolo Harbour and Channel,TM3,22.447617,114.203017,11/10/2016,1,Surface Water,0.7,0.064,6.5,4.9,170,0.005,2.1,30.3,0.11,0.21,3.3,0.7
Tolo Harbour and Channel,TM3,22.447617,114.203017,11/10/2016,1,Middle Water,0.7,0.061,5.1,4.7,250,0.003,2,30.4,0.1,0.25,0.8,0.5
Tolo Harbour and Channel,TM3,22.447617,114.203017,11/10/2016,1,Bottom Water,0.5,0.086,3.2,4.1,11,0.007,2.9,31,0.14,0.37,1.9,0.8
Tolo Harbour and Channel,TM3,22.447617,114.203017,12/12/2016,1,Surface Water,1.8,0.019,10,7.6,6,0,2,29.7,0.06,0.58,3.1,1.4
Tolo Harbour and Channel,TM3,22.447617,114.203017,12/12/2016,1,Middle Water,1.9,0.022,8,7.8,6,0,2.9,29.7,0.06,0.61,3.4,1.9
Tolo Harbour and Channel,TM3,22.447617,114.203017,12/12/2016,1,Bottom Water,1.2,0.03,6.2,7.1,4,0,0.9,30.3,0.08,0.37,2.7,1.6
Tolo Harbour and Channel,TM3,22.447617,114.203017,1/18/2017,1,Surface Water,1.2,0.15,0.6,5,1100,0.007,1.1,29.9,0.19,0.36,4.4,0.6
Tolo Harbour and Channel,TM3,22.447617,114.203017,1/18/2017,1,Middle Water,1,0.13,1.2,5.5,140,0.003,1.1,30.1,0.15,0.34,1.8,0.7
Tolo Harbour and Channel,TM3,22.447617,114.203017,1/18/2017,1,Bottom Water,0.8,0.12,0.7,5.3,16,0.003,0.6,30.2,0.13,0.38,1.3,0.8
Tolo Harbour and Channel,TM3,22.447617,114.203017,2/20/2017,1,Surface Water,0.9,0.035,4.2,6.8,48,0.002,0.7,29.8,0.05,0.36,3.7,1.6
Tolo Harbour and Channel,TM3,22.447617,114.203017,2/20/2017,1,Middle Water,0.7,0.012,4,7.8,14,0.003,1.3,30.3,0.02,0.46,2.8,1
Tolo Harbour and Channel,TM3,22.447617,114.203017,2/20/2017,1,Bottom Water,0.5,0.026,1.8,7.6,4,0.002,1.5,30.5,0.03,1.1,2.9,1.3
Tolo Harbour and Channel,TM3,22.447617,114.203017,3/10/2017,1,Surface Water,1.5,0.032,6.4,8,10,0.003,1.6,30.2,0.05,0.47,2.5,1.2
Tolo Harbour and Channel,TM3,22.447617,114.203017,3/10/2017,1,Middle Water,0.8,0.042,4.2,8.1,13,0.003,0.9,30.2,0.06,0.39,2.5,1.2
Tolo Harbour and Channel,TM3,22.447617,114.203017,3/10/2017,1,Bottom Water,0.9,0.044,1.7,7.5,6,0.003,0.7,30.6,0.06,0.4,2.4,0.8
Tolo Harbour and Channel,TM3,22.447617,114.203017,4/5/2017,1,Surface Water,1.9,0.089,1.3,6.3,59,0.005,1.2,29.7,0.19,0.48,2.1,1.5
Tolo Harbour and Channel,TM3,22.447617,114.203017,4/5/2017,1,Middle Water,1.3,0.057,0.5,7,27,0.004,0,30.5,0.12,0.41,0.3,1.6
Tolo Harbour and Channel,TM3,22.447617,114.203017,4/5/2017,1,Bottom Water,1.6,0.068,1.8,7.2,2,0.004,0.7,31.2,0.12,0.6,0.7,2.3
Tolo Harbour and Channel,TM3,22.447617,114.203017,5/19/2017,1,Surface Water,2.7,0.064,6,7.5,22,0,3.9,29.1,0.08,0.66,4.5,3.7
Tolo Harbour and Channel,TM3,22.447617,114.203017,5/19/2017,1,Middle Water,1.7,0.044,3.6,7.3,7,0,2.1,29.4,0.06,0.39,0.7,0.6
Tolo Harbour and Channel,TM3,22.447617,114.203017,5/19/2017,1,Bottom Water,1.7,0.047,2.1,6.7,3,0,1.2,31.9,0.06,0.3,0.4,0.5
Tolo Harbour and Channel,TM3,22.447617,114.203017,6/14/2017,1,Surface Water,1.6,0.16,5.5,5.3,29000,0.02,3.5,30.5,0.4,0.64,1.2,1.6
Tolo Harbour and Channel,TM3,22.447617,114.203017,6/14/2017,1,Middle Water,1.3,0.086,3.2,4.7,9500,0.011,2.8,31.6,0.14,0.36,0.8,0.9
Tolo Harbour and Channel,TM3,22.447617,114.203017,6/14/2017,1,Bottom Water,0.6,0.082,0.9,4.5,290,0.011,0.5,32,0.09,0.25,1.4,0.7
Tolo Harbour and Channel,TM3,22.447617,114.203017,7/12/2017,1,Surface Water,3.8,0.045,8.2,9.6,94,0.002,1.7,26.3,0.05,0.22,1.4,2.3
Tolo Harbour and Channel,TM3,22.447617,114.203017,7/12/2017,1,Middle Water,1.4,0.047,11,10.6,24,0.004,2.8,28.4,0.05,0.23,1.2,1.3
Tolo Harbour and Channel,TM3,22.447617,114.203017,7/12/2017,1,Bottom Water,0.9,0.14,1.9,3.6,2,0.035,1.9,31.8,0.17,0.36,1.1,0.8
Tolo Harbour and Channel,TM3,22.447617,114.203017,8/18/2017,1,Surface Water,2.1,0.008,3.2,5.5,5,0.014,0.8,32.7,0.01,0.47,0.7,1.8
Tolo Harbour and Channel,TM3,22.447617,114.203017,8/18/2017,1,Middle Water,2.3,0.011,3.4,5.8,5,0.022,1.5,33.3,0.02,0.28,1.1,3
Tolo Harbour and Channel,TM3,22.447617,114.203017,8/18/2017,1,Bottom Water,1.4,0.056,7.1,5.1,5,0.053,6.5,33.9,0.06,0.34,5.1,2.4
Tolo Harbour and Channel,TM3,22.447617,114.203017,9/20/2017,1,Surface Water,2.1,0.072,1.7,7.2,260,0.005,1,29.9,0.09,0.68,1.2,2.8
Tolo Harbour and Channel,TM3,22.447617,114.203017,9/20/2017,1,Middle Water,1.8,0.024,2.3,7.6,230,0.004,1.5,30.2,0.03,1,0.9,2.6
Tolo Harbour and Channel,TM3,22.447617,114.203017,9/20/2017,1,Bottom Water,1.4,0.014,1.8,7.3,11,0.006,1,30.6,0.02,1.1,0.9,2.9
Tolo Harbour and Channel,TM3,22.447617,114.203017,10/19/2017,1,Surface Water,2.9,0.078,5.2,7.4,100,0.013,2,27.8,0.18,0.47,0.8,2.1
Tolo Harbour and Channel,TM3,22.447617,114.203017,10/19/2017,1,Middle Water,1,0.078,1.4,5.6,180,0.011,1,29.3,0.12,0.41,0.6,1.9
Tolo Harbour and Channel,TM3,22.447617,114.203017,10/19/2017,1,Bottom Water,0.9,0.068,1.3,4.2,70,0.006,0.6,30.5,0.11,0.44,0.5,1.5
Tolo Harbour and Channel,TM4,22.432733,114.2196,5/21/2015,1,Surface Water,1.3,0.13,3.6,4.2,7900,0.018,1.8,19.3,0.27,0.53,10.3,1.6
Tolo Harbour and Channel,TM4,22.432733,114.2196,5/21/2015,1,Middle Water,0.2,0.093,2.7,5.4,1000,0.004,0,30.3,0.12,0.31,3.6,0.9
Tolo Harbour and Channel,TM4,22.432733,114.2196,5/21/2015,1,Bottom Water,0.6,0.094,3.2,3.6,220,0.006,0,32.9,0.11,0.3,2.9,0.7
Tolo Harbour and Channel,TM4,22.432733,114.2196,6/25/2015,1,Surface Water,1.8,0.024,4.7,6.9,430,0.003,3.2,27.2,0.16,0.41,2.5,0
Tolo Harbour and Channel,TM4,22.432733,114.2196,6/25/2015,1,Middle Water,2.1,0.028,5.4,6.9,460,0.003,2.5,28.3,0.16,0.35,2.3,0.5
Tolo Harbour and Channel,TM4,22.432733,114.2196,6/25/2015,1,Bottom Water,2,0.032,4.5,5.2,190,0.003,3.1,29.7,0.16,0.44,2.5,0
Tolo Harbour and Channel,TM4,22.432733,114.2196,7/8/2015,1,Surface Water,1.6,0.027,1.5,6,0,0.006,0.8,32.3,0.03,0.19,2.6,1.1
Tolo Harbour and Channel,TM4,22.432733,114.2196,7/8/2015,1,Middle Water,1.4,0.024,1.3,6.4,1,0.005,0.7,32.3,0.03,0.19,2.6,1.1
Tolo Harbour and Channel,TM4,22.432733,114.2196,7/8/2015,1,Bottom Water,1.2,0.058,1.5,6.1,0,0.007,2,32.4,0.06,0.33,2.6,2.1
Tolo Harbour and Channel,TM4,22.432733,114.2196,8/12/2015,1,Surface Water,1.9,0.024,2.4,6.3,200,0.004,1.1,32.3,0.03,0.29,2.7,1.4
Tolo Harbour and Channel,TM4,22.432733,114.2196,8/12/2015,1,Middle Water,2,0.033,2.4,6.7,5,0.006,0,32.6,0.04,0.32,2.6,1.7
Tolo Harbour and Channel,TM4,22.432733,114.2196,8/12/2015,1,Bottom Water,2.3,0.045,5.9,5.1,17,0.015,3.2,33.1,0.05,0.38,2.7,1.4
Tolo Harbour and Channel,TM4,22.432733,114.2196,9/18/2015,1,Surface Water,0.7,0.027,2.7,6.5,3,0.005,1.1,31.7,0.03,0.27,2.6,0.7
Tolo Harbour and Channel,TM4,22.432733,114.2196,9/18/2015,1,Middle Water,0.7,0.034,1.1,6.5,0,0.006,0,32.4,0.04,0.28,2.3,0.6
Tolo Harbour and Channel,TM4,22.432733,114.2196,9/18/2015,1,Bottom Water,0.9,0.078,13,4.7,0,0.009,4.5,33.1,0.08,0.42,2.8,1.6
Tolo Harbour and Channel,TM4,22.432733,114.2196,10/9/2015,1,Surface Water,2.4,0.028,20,8.2,100,0.004,2.4,24.5,0.13,0.54,3.3,2.3
Tolo Harbour and Channel,TM4,22.432733,114.2196,10/9/2015,1,Middle Water,0.5,0.15,4.5,3.9,99,0.009,1.1,32.1,0.16,0.61,2.6,1.2
Tolo Harbour and Channel,TM4,22.432733,114.2196,10/9/2015,1,Bottom Water,0.4,0.13,1,3.5,110,0.011,2.1,32.7,0.16,0.74,3.7,5.8
Tolo Harbour and Channel,TM4,22.432733,114.2196,11/19/2015,1,Surface Water,1.4,0.04,4.7,8.3,87,0.004,0.9,31.1,0.07,0.43,2.7,0.6
Tolo Harbour and Channel,TM4,22.432733,114.2196,11/19/2015,1,Middle Water,1.4,0.03,7.6,8.5,0,0.005,1.3,31.8,0.03,0.56,2.7,0.6
Tolo Harbour and Channel,TM4,22.432733,114.2196,11/19/2015,1,Bottom Water,1.2,0.05,12,4.1,3,0.006,1.6,32.5,0.11,0.47,3.5,1
Tolo Harbour and Channel,TM4,22.432733,114.2196,12/18/2015,1,Surface Water,1.8,0.031,12,7.3,2,0.004,1.3,32.4,0.04,0.54,4.1,2.2
Tolo Harbour and Channel,TM4,22.432733,114.2196,12/18/2015,1,Middle Water,1.8,0.032,13,7.7,0,0.005,1.7,32.4,0.04,0.59,3.9,2
Tolo Harbour and Channel,TM4,22.432733,114.2196,12/18/2015,1,Bottom Water,1.7,0.034,11,7.5,6,0.004,1.7,32.4,0.05,0.69,4.2,1.9
Tolo Harbour and Channel,TM4,22.432733,114.2196,1/14/2016,1,Surface Water,4,0.083,16,9,38,0.006,0.9,30.1,0.09,0.4,3.2,1.6
Tolo Harbour and Channel,TM4,22.432733,114.2196,1/14/2016,1,Middle Water,4.1,0.11,28,10.7,13,0.005,1.8,31.3,0.12,0.45,3.2,1.8
Tolo Harbour and Channel,TM4,22.432733,114.2196,1/14/2016,1,Bottom Water,1.4,0.053,8.9,6.6,5,0.005,2.7,31.8,0.06,0.25,4.4,1.8
Tolo Harbour and Channel,TM4,22.432733,114.2196,2/19/2016,1,Surface Water,2.5,0.034,13,7.7,9,0.004,2.2,29.4,0.04,1.1,2.9,2.3
Tolo Harbour and Channel,TM4,22.432733,114.2196,2/19/2016,1,Middle Water,1.5,0.058,9.6,8.9,18,0.003,3.2,30.2,0.08,0.47,2.8,1.1
Tolo Harbour and Channel,TM4,22.432733,114.2196,2/19/2016,1,Bottom Water,1.3,0.072,1.2,6.3,2,0.003,0.4,30.8,0.14,0.56,2.6,0.9
Tolo Harbour and Channel,TM4,22.432733,114.2196,3/18/2016,1,Surface Water,0.8,0.11,0,6.7,35,0.004,0.3,29.8,0.18,0.45,0.7,0.7
Tolo Harbour and Channel,TM4,22.432733,114.2196,3/18/2016,1,Middle Water,1.1,0.11,0.6,5.6,5,0.004,0.4,29.9,0.17,0.46,0.9,0.8
Tolo Harbour and Channel,TM4,22.432733,114.2196,3/18/2016,1,Bottom Water,0.5,0.085,0.8,6.1,1,0.006,1.1,31.4,0.13,0.25,1.8,0.7
Tolo Harbour and Channel,TM4,22.432733,114.2196,4/14/2016,1,Surface Water,3,0.32,5,6.5,8200,0.003,2.6,26,0.77,1.06,1.4,2.8
Tolo Harbour and Channel,TM4,22.432733,114.2196,4/14/2016,1,Middle Water,2,0.064,3.2,6.3,55,0,1.3,30.7,0.07,0.31,0.3,1.4
Tolo Harbour and Channel,TM4,22.432733,114.2196,4/14/2016,1,Bottom Water,1.6,0.077,2.6,4.4,140,0,0.9,31.1,0.09,0.24,0.5,1
Tolo Harbour and Channel,TM4,22.432733,114.2196,5/11/2016,1,Surface Water,2.7,0.16,9.9,7.5,5900,0.029,0.5,22.8,0.39,0.66,5.2,2.1
Tolo Harbour and Channel,TM4,22.432733,114.2196,5/11/2016,1,Middle Water,2.1,0.065,7.7,7.1,260,0.012,0.8,30,0.07,0.61,1.1,1.6
Tolo Harbour and Channel,TM4,22.432733,114.2196,5/11/2016,1,Bottom Water,1.3,0.08,3.8,5,96,0.005,0.9,30.6,0.1,0.42,1,0.8
Tolo Harbour and Channel,TM4,22.432733,114.2196,6/13/2016,1,Surface Water,1.5,0.037,7.2,6,40,0.004,1.3,29.7,0.04,0.35,0.9,1
Tolo Harbour and Channel,TM4,22.432733,114.2196,6/13/2016,1,Middle Water,1.3,0.049,6,6,40,0.005,1.3,30.6,0.05,0.43,0.8,1.2
Tolo Harbour and Channel,TM4,22.432733,114.2196,6/13/2016,1,Bottom Water,1,0.13,0.5,5.6,42,0.016,1.2,31.3,0.15,0.37,1.1,0.7
Tolo Harbour and Channel,TM4,22.432733,114.2196,7/18/2016,1,Surface Water,1.4,0.012,4.4,6.7,0,0,1.2,32.5,0.02,0.94,2.3,2
Tolo Harbour and Channel,TM4,22.432733,114.2196,7/18/2016,1,Middle Water,2.1,0.014,8.4,5.2,6,0,3.6,33.3,0.02,0.94,1.7,2.1
Tolo Harbour and Channel,TM4,22.432733,114.2196,7/18/2016,1,Bottom Water,1.4,0.014,16,4.7,4,0.002,5.6,34.1,0.03,0.9,1.7,1.8
Tolo Harbour and Channel,TM4,22.432733,114.2196,8/19/2016,1,Surface Water,2.4,0.049,13,7,2000,0,4.3,24,0.06,0.51,4.8,1.7
Tolo Harbour and Channel,TM4,22.432733,114.2196,8/19/2016,1,Middle Water,0.7,0.039,2.1,6.8,64,0.003,0.6,28.3,0.04,1,0.7,0.8
Tolo Harbour and Channel,TM4,22.432733,114.2196,8/19/2016,1,Bottom Water,0.7,0.043,0.5,7.1,9,0.005,0.4,31.4,0.05,0.72,0.9,0
Tolo Harbour and Channel,TM4,22.432733,114.2196,9/29/2016,1,Surface Water,1.1,0.056,3.2,5.6,22,0.011,2.9,31.9,0.07,0.18,4.4,0.5
Tolo Harbour and Channel,TM4,22.432733,114.2196,9/29/2016,1,Middle Water,1.4,0.036,2.6,3.7,18,0.011,1.8,31.9,0.05,0.2,1.2,0.8
Tolo Harbour and Channel,TM4,22.432733,114.2196,9/29/2016,1,Bottom Water,0.8,0.052,3.8,3.5,48,0.012,0.6,31.9,0.07,0.19,1.2,0.6
Tolo Harbour and Channel,TM4,22.432733,114.2196,10/13/2016,1,Surface Water,1.6,0.061,2.1,5.3,0,0.004,0.9,29.5,0.07,0.43,0.9,1.3
Tolo Harbour and Channel,TM4,22.432733,114.2196,10/13/2016,1,Middle Water,1.6,0.041,2.2,5.5,13,0.003,1,29.6,0.05,0.48,0.9,1.2
Tolo Harbour and Channel,TM4,22.432733,114.2196,10/13/2016,1,Bottom Water,1.8,0.19,3.4,5.6,2,0.025,5.1,31.1,0.19,0.53,1,1.7
Tolo Harbour and Channel,TM4,22.432733,114.2196,11/10/2016,1,Surface Water,0.7,0.057,6.6,3.8,120,0.005,2,29.5,0.1,0.3,0.7,0.7
Tolo Harbour and Channel,TM4,22.432733,114.2196,11/10/2016,1,Middle Water,0.8,0.062,3.6,5,170,0.004,1.4,29.7,0.11,0.22,0.8,1
Tolo Harbour and Channel,TM4,22.432733,114.2196,11/10/2016,1,Bottom Water,0.4,0.095,3.6,5.3,430,0.007,0.5,30.5,0.15,0.26,1.2,0.6
Tolo Harbour and Channel,TM4,22.432733,114.2196,12/12/2016,1,Surface Water,1.7,0.019,7.2,7.2,2,0,3.9,29.8,0.05,0.43,2.7,1.3
Tolo Harbour and Channel,TM4,22.432733,114.2196,12/12/2016,1,Middle Water,1.8,0.022,8.3,8.1,2,0,3.3,30,0.06,0.44,2.5,1.6
Tolo Harbour and Channel,TM4,22.432733,114.2196,12/12/2016,1,Bottom Water,1.3,0.022,6.4,7.1,3,0,2.1,30.4,0.07,0.47,2.5,1.1
Tolo Harbour and Channel,TM4,22.432733,114.2196,1/18/2017,1,Surface Water,1.2,0.081,0.9,5.7,77,0,0.4,29.5,0.09,0.26,0.5,0
Tolo Harbour and Channel,TM4,22.432733,114.2196,1/18/2017,1,Middle Water,0.8,0.13,0.9,5.6,4,0,0,30.3,0.19,0.35,0.7,0.8
Tolo Harbour and Channel,TM4,22.432733,114.2196,1/18/2017,1,Bottom Water,0.7,0.074,0.5,5.7,3,0,0.4,30.3,0.08,0.33,0.8,0.6
Tolo Harbour and Channel,TM4,22.432733,114.2196,2/20/2017,1,Surface Water,1,0.019,5.5,7.3,2,0.002,1,30.2,0.02,0.21,2.8,1.5
Tolo Harbour and Channel,TM4,22.432733,114.2196,2/20/2017,1,Middle Water,1,0.041,5.9,7.8,1,0.003,0.8,30.3,0.05,0.35,2.8,3.1
Tolo Harbour and Channel,TM4,22.432733,114.2196,2/20/2017,1,Bottom Water,0.9,0.048,2.4,6.9,0,0.003,0.5,30.6,0.06,0.63,2.8,1.3
Tolo Harbour and Channel,TM4,22.432733,114.2196,3/10/2017,1,Surface Water,1.4,0.042,4.2,7.5,8,0.003,0.7,30.3,0.05,0.5,2.5,1.1
Tolo Harbour and Channel,TM4,22.432733,114.2196,3/10/2017,1,Middle Water,0.9,0.042,4.4,7.8,5,0.003,2.1,30.4,0.05,0.38,2.5,1.2
Tolo Harbour and Channel,TM4,22.432733,114.2196,3/10/2017,1,Bottom Water,0.6,0.065,2.5,5.9,5,0.003,1,31,0.09,0.48,2.4,0.6
Tolo Harbour and Channel,TM4,22.432733,114.2196,4/5/2017,1,Surface Water,1.6,0.047,1.1,6.9,2,0.004,0.7,30.2,0.11,0.51,3.7,1
Tolo Harbour and Channel,TM4,22.432733,114.2196,4/5/2017,1,Middle Water,1.1,0.036,1,6.9,0,0.003,0.5,30.5,0.09,0.54,0.4,1.7
Tolo Harbour and Channel,TM4,22.432733,114.2196,4/5/2017,1,Bottom Water,1.3,0.096,0.9,5.4,1,0.004,0.8,31.3,0.15,1.15,1.3,1.7
Tolo Harbour and Channel,TM4,22.432733,114.2196,5/19/2017,1,Surface Water,1.7,0.055,2.2,6.8,8,0,2.1,30.4,0.08,0.37,2.4,2.9
Tolo Harbour and Channel,TM4,22.432733,114.2196,5/19/2017,1,Middle Water,1.7,0.032,1.9,6.9,11,0,0.7,31,0.05,0.42,0.4,0
Tolo Harbour and Channel,TM4,22.432733,114.2196,5/19/2017,1,Bottom Water,1.3,0.044,1.5,6.4,6,0.003,1.5,32.2,0.05,0.32,0.4,2.3
Tolo Harbour and Channel,TM4,22.432733,114.2196,6/14/2017,1,Surface Water,1,0.11,1.2,5.2,16000,0.019,1.1,29.5,0.31,0.45,1.5,0.8
Tolo Harbour and Channel,TM4,22.432733,114.2196,6/14/2017,1,Middle Water,0.7,0.056,1.4,4.9,440,0.007,0.9,31.7,0.06,0.26,0.6,1
Tolo Harbour and Channel,TM4,22.432733,114.2196,6/14/2017,1,Bottom Water,0.7,0.07,1,4.8,560,0.009,0.4,32.1,0.08,0.25,1.8,0.6
Tolo Harbour and Channel,TM4,22.432733,114.2196,7/12/2017,1,Surface Water,3.5,0.033,5.6,6.9,5,0.002,2,26.9,0.04,0.21,3.3,2.1
Tolo Harbour and Channel,TM4,22.432733,114.2196,7/12/2017,1,Middle Water,2.6,0.023,15,7.9,5,0.004,2.8,28.2,0.03,0.27,1.4,2
Tolo Harbour and Channel,TM4,22.432733,114.2196,7/12/2017,1,Bottom Water,0.8,0.096,4.1,2.7,1,0.015,1.9,33,0.11,0.33,1.1,0.9
Tolo Harbour and Channel,TM4,22.432733,114.2196,8/18/2017,1,Surface Water,2,0.034,2.5,6.6,3,0.013,0.7,32.4,0.04,0.5,0.6,1.1
Tolo Harbour and Channel,TM4,22.432733,114.2196,8/18/2017,1,Middle Water,2.2,0.052,10,6.1,0,0.04,3.8,32.9,0.06,0.49,0.5,2.4
Tolo Harbour and Channel,TM4,22.432733,114.2196,8/18/2017,1,Bottom Water,1.7,0.14,4.6,5.8,0,0.057,3.4,33.3,0.14,0.51,5.1,2.2
Tolo Harbour and Channel,TM4,22.432733,114.2196,9/20/2017,1,Surface Water,2.5,0.024,2.8,6.5,100,0.005,0,29.3,0.03,0.74,1.2,4.1
Tolo Harbour and Channel,TM4,22.432733,114.2196,9/20/2017,1,Middle Water,1.5,0.013,1.7,7.6,7,0.004,0.5,30.4,0.02,0.54,0.6,2.6
Tolo Harbour and Channel,TM4,22.432733,114.2196,9/20/2017,1,Bottom Water,1.3,0.011,2.1,7.3,7,0.005,0.7,30.7,0.02,1,0.9,2.8
Tolo Harbour and Channel,TM4,22.432733,114.2196,10/19/2017,1,Surface Water,1.5,0.072,3.3,6.8,220,0.011,1.6,26.6,0.19,0.39,0.6,1.8
Tolo Harbour and Channel,TM4,22.432733,114.2196,10/19/2017,1,Middle Water,1.3,0.077,1.9,4.6,31,0.012,1.6,30,0.13,0.47,0.5,1.6
Tolo Harbour and Channel,TM4,22.432733,114.2196,10/19/2017,1,Bottom Water,1.1,0.063,1,4.3,6,0.005,0.5,30.8,0.1,0.37,0.4,1.8
Tolo Harbour and Channel,TM5,22.4571,114.224267,5/21/2015,1,Surface Water,1.2,0.076,3.4,4.5,1200,0.005,2.4,26.5,0.16,0.41,5.4,1.3
Tolo Harbour and Channel,TM5,22.4571,114.224267,5/21/2015,1,Bottom Water,0.9,0.093,3.1,5.8,360,0.004,0,29.8,0.13,0.33,3.8,0.8
Tolo Harbour and Channel,TM5,22.4571,114.224267,6/25/2015,1,Surface Water,1.9,0.028,4.1,6.9,660,0.004,2.4,27.4,0.16,0.42,2.5,0.5
Tolo Harbour and Channel,TM5,22.4571,114.224267,6/25/2015,1,Bottom Water,2.5,0.029,4.8,7.2,570,0.003,2,27.9,0.17,0.41,2.4,0
Tolo Harbour and Channel,TM5,22.4571,114.224267,7/8/2015,1,Surface Water,1.7,0.02,1.7,6.3,2,0.006,1.4,31.7,0.02,0.21,3.2,1
Tolo Harbour and Channel,TM5,22.4571,114.224267,7/8/2015,1,Bottom Water,1.4,0.046,2.5,6.1,4,0.007,1.8,32.2,0.05,0.26,3.8,5.3
Tolo Harbour and Channel,TM5,22.4571,114.224267,8/12/2015,1,Surface Water,2,0.024,4.8,6,5,0.006,0,32.7,0.03,0.29,2.7,1.2
Tolo Harbour and Channel,TM5,22.4571,114.224267,8/12/2015,1,Bottom Water,2.3,0.03,5.8,6,8,0.01,1.2,33.1,0.03,0.31,3.8,2.1
Tolo Harbour and Channel,TM5,22.4571,114.224267,9/18/2015,1,Surface Water,0.8,0.03,3.1,5.9,4,0.006,1.8,32.5,0.03,0.27,2.6,0.9
Tolo Harbour and Channel,TM5,22.4571,114.224267,9/18/2015,1,Bottom Water,1,0.029,4.8,5.9,1,0.005,4.5,32.6,0.03,0.35,2.6,3.6
Tolo Harbour and Channel,TM5,22.4571,114.224267,10/9/2015,1,Surface Water,1.8,0.038,14,5.8,10,0,0.9,30.1,0.07,0.45,3.2,2.1
Tolo Harbour and Channel,TM5,22.4571,114.224267,10/9/2015,1,Bottom Water,1.5,0.088,11,5.8,11,0.003,2.5,31.2,0.11,0.52,3.2,2.3
Tolo Harbour and Channel,TM5,22.4571,114.224267,11/19/2015,1,Surface Water,1.3,0.036,3.6,7.1,22,0.005,1.6,31.8,0.06,0.49,2.6,1.2
Tolo Harbour and Channel,TM5,22.4571,114.224267,11/19/2015,1,Bottom Water,1.5,0.04,4.8,8,1,0.005,1.8,31.9,0.06,0.52,2.6,1.1
Tolo Harbour and Channel,TM5,22.4571,114.224267,12/18/2015,1,Surface Water,1.1,0.045,4.8,6.1,9,0.005,0.6,32.2,0.07,0.59,4.4,1.6
Tolo Harbour and Channel,TM5,22.4571,114.224267,12/18/2015,1,Bottom Water,1.1,0.036,4.4,7.4,15,0.004,1.1,32.4,0.06,0.78,5.3,1.4
Tolo Harbour and Channel,TM5,22.4571,114.224267,1/14/2016,1,Surface Water,3.4,0.051,17,8.3,8,0.003,0.5,31.3,0.06,0.38,3.9,2.4
Tolo Harbour and Channel,TM5,22.4571,114.224267,1/14/2016,1,Bottom Water,3.6,0.041,15,9,14,0.004,0.6,31.4,0.05,0.38,4,5.5
Tolo Harbour and Channel,TM5,22.4571,114.224267,2/19/2016,1,Surface Water,2,0.033,6,7.5,7,0.004,0.8,29.6,0.04,0.24,2.6,1
Tolo Harbour and Channel,TM5,22.4571,114.224267,2/19/2016,1,Bottom Water,1.7,0.042,6.4,9.6,1,0.003,0.3,29.8,0.05,0.69,2.6,1.4
Tolo Harbour and Channel,TM5,22.4571,114.224267,3/18/2016,1,Surface Water,0.6,0.096,0.4,6.8,13,0.004,0.3,30.3,0.16,0.35,0.8,0.6
Tolo Harbour and Channel,TM5,22.4571,114.224267,3/18/2016,1,Bottom Water,0.6,0.099,1.4,5.7,4,0.004,5.7,30.2,0.16,0.3,4.2,6.2
Tolo Harbour and Channel,TM5,22.4571,114.224267,4/14/2016,1,Surface Water,2.2,0.077,6.1,6.4,110,0,0.3,28.2,0.11,0.32,0.4,0.9
Tolo Harbour and Channel,TM5,22.4571,114.224267,4/14/2016,1,Bottom Water,1.9,0.059,3.3,5.8,22,0.002,1.4,30.1,0.07,0.25,0.3,0.6
Tolo Harbour and Channel,TM5,22.4571,114.224267,5/11/2016,1,Surface Water,2.3,0.079,6.5,7.1,1500,0.013,0.4,27,0.17,0.34,2.2,1.2
Tolo Harbour and Channel,TM5,22.4571,114.224267,5/11/2016,1,Bottom Water,2.3,0.066,4.7,6.7,850,0.01,1.8,29.7,0.1,0.26,0.9,3.4
Tolo Harbour and Channel,TM5,22.4571,114.224267,6/13/2016,1,Surface Water,2,0.039,6.3,6.2,190,0.005,1.1,26.4,0.07,0.2,1.1,2
Tolo Harbour and Channel,TM5,22.4571,114.224267,6/13/2016,1,Bottom Water,2,0.05,7.8,5.6,99,0.003,2.6,27.2,0.07,0.2,0.9,1.9
Tolo Harbour and Channel,TM5,22.4571,114.224267,7/18/2016,1,Surface Water,1.3,0.011,3.4,5.7,12,0,0.4,31.5,0.02,1,2.3,1.9
Tolo Harbour and Channel,TM5,22.4571,114.224267,7/18/2016,1,Bottom Water,1.6,0.011,4,5.6,44,0,1.5,32.2,0.02,1.2,1.4,1.4
Tolo Harbour and Channel,TM5,22.4571,114.224267,8/19/2016,1,Surface Water,2.4,0.044,10,6.8,21,0.005,2.3,27.8,0.05,1.01,2.6,2
Tolo Harbour and Channel,TM5,22.4571,114.224267,8/19/2016,1,Bottom Water,1.5,0.034,4.5,6.3,8,0.006,2.1,27.8,0.04,1.1,1.3,1.2
Tolo Harbour and Channel,TM5,22.4571,114.224267,9/29/2016,1,Surface Water,1,0.042,1.5,4.2,20,0.01,1,31.6,0.05,0.26,2.8,0.5
Tolo Harbour and Channel,TM5,22.4571,114.224267,9/29/2016,1,Bottom Water,1,0.048,3.9,4,7,0.011,1.7,31.6,0.06,0.13,1.4,1
Tolo Harbour and Channel,TM5,22.4571,114.224267,10/13/2016,1,Surface Water,0.9,0.061,2.7,6.3,0,0.008,1.3,30.8,0.07,0.24,6.1,0.9
Tolo Harbour and Channel,TM5,22.4571,114.224267,10/13/2016,1,Bottom Water,1,0.048,2.7,4.3,15,0.009,1.1,30.8,0.05,1,1.5,0.9
Tolo Harbour and Channel,TM5,22.4571,114.224267,11/10/2016,1,Surface Water,0.7,0.054,4.3,5.3,7,0.006,0.5,29.8,0.07,0.19,7.3,0.5
Tolo Harbour and Channel,TM5,22.4571,114.224267,11/10/2016,1,Bottom Water,0.6,0.038,4,5,2,0.006,1,29.7,0.06,0.12,0.8,0.7
Tolo Harbour and Channel,TM5,22.4571,114.224267,12/12/2016,1,Surface Water,1,0.027,2.6,6.3,3,0,2.1,30.1,0.06,0.63,3.3,1
Tolo Harbour and Channel,TM5,22.4571,114.224267,12/12/2016,1,Bottom Water,1.3,0.027,4,5.9,2,0,2.9,30.2,0.06,0.61,3.3,1.3
Tolo Harbour and Channel,TM5,22.4571,114.224267,1/18/2017,1,Surface Water,0.7,0.078,0.3,6.9,73,0,1.9,30.3,0.09,0.24,3.4,0.6
Tolo Harbour and Channel,TM5,22.4571,114.224267,1/18/2017,1,Bottom Water,0.7,0.084,0.6,5.1,100,0.005,0.6,30.3,0.09,0.3,1.3,1.1
Tolo Harbour and Channel,TM5,22.4571,114.224267,2/20/2017,1,Surface Water,0.6,0.015,1.8,6.1,3,0.002,1.5,30.2,0.02,0.34,2.6,1.3
Tolo Harbour and Channel,TM5,22.4571,114.224267,2/20/2017,1,Bottom Water,0.7,0.019,2.8,7.5,2,0.002,1.9,30.4,0.02,0.59,6.1,1.7
Tolo Harbour and Channel,TM5,22.4571,114.224267,3/10/2017,1,Surface Water,0.9,0.041,2.3,6.2,2,0.003,0.4,30.6,0.06,0.3,6.5,0.8
Tolo Harbour and Channel,TM5,22.4571,114.224267,3/10/2017,1,Bottom Water,0.9,0.035,2.2,7.3,0,0.003,2.2,30.6,0.05,0.14,3,1.6
Tolo Harbour and Channel,TM5,22.4571,114.224267,4/5/2017,1,Surface Water,1,0.043,0.6,6.9,0,0.004,0,30.6,0.11,0.37,3,1.7
Tolo Harbour and Channel,TM5,22.4571,114.224267,4/5/2017,1,Bottom Water,1.1,0.036,0.6,6.4,0,0.004,0,30.6,0.1,0.47,0.4,1.4
Tolo Harbour and Channel,TM5,22.4571,114.224267,5/19/2017,1,Surface Water,1.4,0.039,1.7,6.7,3,0,0,30.5,0.06,0.31,1.9,2.2
Tolo Harbour and Channel,TM5,22.4571,114.224267,5/19/2017,1,Bottom Water,1.6,0.027,1.1,6.8,6,0,0.8,30.8,0.04,0.39,0.4,0.6
Tolo Harbour and Channel,TM5,22.4571,114.224267,6/14/2017,1,Surface Water,1.1,0.065,4.3,5.8,11000,0.004,1.3,26.9,0.18,0.38,1.4,1
Tolo Harbour and Channel,TM5,22.4571,114.224267,6/14/2017,1,Bottom Water,0.9,0.065,1.2,5,710,0.008,1,31.2,0.1,0.24,0.8,0.9
Tolo Harbour and Channel,TM5,22.4571,114.224267,7/12/2017,1,Surface Water,3.7,0.035,6.3,5.6,9,0.003,1.8,26.6,0.04,0.29,3.5,2.3
Tolo Harbour and Channel,TM5,22.4571,114.224267,7/12/2017,1,Bottom Water,3.2,0.022,10,8.1,4,0.003,1.1,28,0.03,0.29,1.3,2.4
Tolo Harbour and Channel,TM5,22.4571,114.224267,8/18/2017,1,Surface Water,1.6,0.04,1.9,5,0,0.022,0,32.6,0.04,0.36,0.3,1
Tolo Harbour and Channel,TM5,22.4571,114.224267,8/18/2017,1,Bottom Water,1.6,0.012,2,5,0,0.015,0.4,32.8,0.02,0.22,0.4,1
Tolo Harbour and Channel,TM5,22.4571,114.224267,9/20/2017,1,Surface Water,1.7,0.01,1.4,6.3,3,0.005,1.3,30.1,0.01,0.35,1,2.7
Tolo Harbour and Channel,TM5,22.4571,114.224267,9/20/2017,1,Bottom Water,1.7,0.008,1.7,6.7,3,0.005,0,30.4,0.01,0.74,0.9,2.7
Tolo Harbour and Channel,TM5,22.4571,114.224267,10/19/2017,1,Surface Water,1.9,0.029,6.6,8,15,0.005,2.7,28.9,0.04,0.63,0.8,1.8
Tolo Harbour and Channel,TM5,22.4571,114.224267,10/19/2017,1,Bottom Water,1.8,0.024,5.9,7.2,12,0.004,1.1,29.6,0.04,0.4,0.7,2.9
Tolo Harbour and Channel,TM6,22.44385,114.241767,5/21/2015,1,Surface Water,1.2,0.055,3,5.9,2100,0.002,1.9,26.9,0.11,0.32,4.8,1.4
Tolo Harbour and Channel,TM6,22.44385,114.241767,5/21/2015,1,Middle Water,0.9,0.073,1.7,4.9,370,0.004,0,32.1,0.09,0.26,2.7,0.7
Tolo Harbour and Channel,TM6,22.44385,114.241767,5/21/2015,1,Bottom Water,0.7,0.12,1.8,3.3,110,0.007,1.7,33.1,0.14,0.29,3.3,0
Tolo Harbour and Channel,TM6,22.44385,114.241767,6/25/2015,1,Surface Water,2.3,0.033,4.6,5.8,220,0.003,2.7,26.6,0.16,0.37,2.5,0
Tolo Harbour and Channel,TM6,22.44385,114.241767,6/25/2015,1,Middle Water,1.5,0.032,4.3,6.8,120,0.003,2.4,28.3,0.16,0.38,2.3,0
Tolo Harbour and Channel,TM6,22.44385,114.241767,6/25/2015,1,Bottom Water,1,0.057,4.1,4.2,120,0,2.3,31.7,0.16,0.38,2.9,0
Tolo Harbour and Channel,TM6,22.44385,114.241767,7/8/2015,1,Surface Water,1.2,0.026,1.5,6.2,4,0.006,0.5,32.4,0.03,0.18,2.6,1.3
Tolo Harbour and Channel,TM6,22.44385,114.241767,7/8/2015,1,Middle Water,1.4,0.021,1.9,6.2,0,0.007,0.3,32.3,0.03,0.16,2.6,2.5
Tolo Harbour and Channel,TM6,22.44385,114.241767,7/8/2015,1,Bottom Water,0.7,0.15,1.5,5.5,1,0.045,0.7,32.5,0.18,0.36,2.5,1.3
Tolo Harbour and Channel,TM6,22.44385,114.241767,8/12/2015,1,Surface Water,2.1,0.034,2.6,7.1,180,0.007,1.3,32.6,0.04,0.35,2.6,1.4
Tolo Harbour and Channel,TM6,22.44385,114.241767,8/12/2015,1,Middle Water,1.8,0.029,2.5,5.5,15,0.007,0,33.1,0.03,0.25,2.8,1.2
Tolo Harbour and Channel,TM6,22.44385,114.241767,8/12/2015,1,Bottom Water,2.3,0.049,4.2,1.7,18,0.016,0,34.1,0.05,0.35,3.4,1.4
Tolo Harbour and Channel,TM6,22.44385,114.241767,9/18/2015,1,Surface Water,0.6,0.026,2.1,6.6,0,0.005,0.7,32.4,0.03,0.29,2.2,0
Tolo Harbour and Channel,TM6,22.44385,114.241767,9/18/2015,1,Middle Water,0.9,0.033,3.1,6.1,0,0.006,1,33.2,0.04,0.34,2.3,0.8
Tolo Harbour and Channel,TM6,22.44385,114.241767,9/18/2015,1,Bottom Water,0.7,0.053,4.7,4.9,0,0.008,2.6,33.3,0.06,0.3,2.6,1.4
Tolo Harbour and Channel,TM6,22.44385,114.241767,10/9/2015,1,Surface Water,2.5,0.028,15,6.5,9,0.004,2.8,25.5,0.07,0.47,3.2,0.9
Tolo Harbour and Channel,TM6,22.44385,114.241767,10/9/2015,1,Middle Water,0.5,0.096,3.1,4.3,32,0.007,1,32.2,0.12,0.44,2.6,0.8
Tolo Harbour and Channel,TM6,22.44385,114.241767,10/9/2015,1,Bottom Water,0.4,0.073,2.5,4.8,19,0.008,0.8,33,0.1,0.43,2.8,0.6
Tolo Harbour and Channel,TM6,22.44385,114.241767,11/19/2015,1,Surface Water,1.4,0.027,9.1,6.9,0,0.005,1.2,32.1,0.03,0.29,2.7,1
Tolo Harbour and Channel,TM6,22.44385,114.241767,11/19/2015,1,Middle Water,0.9,0.021,8.3,6.5,2,0.007,1.5,32.5,0.1,0.67,2.8,0
Tolo Harbour and Channel,TM6,22.44385,114.241767,11/19/2015,1,Bottom Water,0.2,0.018,2.2,4.8,2,0.009,1.5,33,0.12,0.33,5.3,1
Tolo Harbour and Channel,TM6,22.44385,114.241767,12/18/2015,1,Surface Water,2.2,0.045,16,5.8,2,0.004,1.1,32.4,0.05,0.73,3.3,1.8
Tolo Harbour and Channel,TM6,22.44385,114.241767,12/18/2015,1,Middle Water,2.1,0.04,16,7.7,4,0.005,1.1,32.4,0.05,0.53,9.3,1.8
Tolo Harbour and Channel,TM6,22.44385,114.241767,12/18/2015,1,Bottom Water,1,0.027,4.2,7.4,8,0.004,1.1,32.6,0.04,0.76,3.1,0.8
Tolo Harbour and Channel,TM6,22.44385,114.241767,1/14/2016,1,Surface Water,5.7,0.095,45,9.2,1,0.006,2.7,31.4,0.1,0.59,3.1,2.9
Tolo Harbour and Channel,TM6,22.44385,114.241767,1/14/2016,1,Middle Water,1.3,0.041,7.3,7.9,0,0.006,0,31.7,0.05,0.3,2.7,1
Tolo Harbour and Channel,TM6,22.44385,114.241767,1/14/2016,1,Bottom Water,1.6,0.038,4,7.9,0,0.006,0.6,31.8,0.04,0.24,3.2,1.1
Tolo Harbour and Channel,TM6,22.44385,114.241767,2/19/2016,1,Surface Water,1.5,0.053,4,7.5,13,0.004,0.9,30.4,0.09,1.01,2.7,1.3
Tolo Harbour and Channel,TM6,22.44385,114.241767,2/19/2016,1,Middle Water,1.5,0.051,5.9,8.3,6,0.003,0.5,30.4,0.09,0.82,2.6,1.2
Tolo Harbour and Channel,TM6,22.44385,114.241767,2/19/2016,1,Bottom Water,0.7,0.055,1.3,7.6,1,0.004,1.1,30.9,0.11,0.87,2.9,0.8
Tolo Harbour and Channel,TM6,22.44385,114.241767,3/18/2016,1,Surface Water,0.7,0.09,1.1,6.5,11,0.005,0.6,30.7,0.14,0.45,0.8,0.7
Tolo Harbour and Channel,TM6,22.44385,114.241767,3/18/2016,1,Middle Water,0.9,0.062,0.7,5.6,7,0.006,0.3,30.8,0.1,0.32,0.8,0.8
Tolo Harbour and Channel,TM6,22.44385,114.241767,3/18/2016,1,Bottom Water,0.6,0.056,3.4,5.6,0,0.005,1.2,31,0.08,0.36,1,0.5
Tolo Harbour and Channel,TM6,22.44385,114.241767,4/14/2016,1,Surface Water,3,0.098,11,6.5,150,0,2.9,28.5,0.13,0.36,0.6,0.8
Tolo Harbour and Channel,TM6,22.44385,114.241767,4/14/2016,1,Middle Water,1.5,0.056,3.6,5.3,15,0.002,0,31.2,0.06,0.19,0.2,0.7
Tolo Harbour and Channel,TM6,22.44385,114.241767,4/14/2016,1,Bottom Water,0.9,0.058,0,3.4,2,0.003,0,31.6,0.06,0.29,0.6,0.7
Tolo Harbour and Channel,TM6,22.44385,114.241767,5/11/2016,1,Surface Water,2.4,0.046,6.3,7.3,180,0.006,0.4,27.3,0.09,0.46,2.2,1.4
Tolo Harbour and Channel,TM6,22.44385,114.241767,5/11/2016,1,Middle Water,1.8,0.074,5.9,5.9,50,0.005,0.3,30.6,0.1,0.54,0.7,1.3
Tolo Harbour and Channel,TM6,22.44385,114.241767,5/11/2016,1,Bottom Water,0.8,0.17,1.3,3.5,24,0.022,1.2,31.1,0.19,0.35,1.2,0
Tolo Harbour and Channel,TM6,22.44385,114.241767,6/13/2016,1,Surface Water,1.8,0.037,8.7,6.8,910,0.003,1.2,28.9,0.05,0.21,1.1,1.5
Tolo Harbour and Channel,TM6,22.44385,114.241767,6/13/2016,1,Middle Water,0.3,0.051,3.7,4.4,870,0.004,0.4,29.1,0.07,0.29,0.8,0
Tolo Harbour and Channel,TM6,22.44385,114.241767,6/13/2016,1,Bottom Water,0.4,0.078,1.6,5.3,420,0.011,0.5,29.3,0.14,0.56,1.5,1
Tolo Harbour and Channel,TM6,22.44385,114.241767,7/18/2016,1,Surface Water,1.5,0.011,3.2,5.8,0,0,0.8,30.9,0.02,0.72,1.8,1.8
Tolo Harbour and Channel,TM6,22.44385,114.241767,7/18/2016,1,Middle Water,1.6,0.018,9.8,5.1,2,0.014,3.7,32.5,0.11,1.19,1.3,1.8
Tolo Harbour and Channel,TM6,22.44385,114.241767,7/18/2016,1,Bottom Water,0.3,0.012,1.9,1.5,4,0.044,0.6,34.3,0.21,1.29,1.7,0.6
Tolo Harbour and Channel,TM6,22.44385,114.241767,8/19/2016,1,Surface Water,3.4,0.062,15,6.9,110,0,3.5,27.8,0.07,0.9,2.1,2.5
Tolo Harbour and Channel,TM6,22.44385,114.241767,8/19/2016,1,Middle Water,0.8,0.034,2.1,7.5,13,0.004,0.9,30.5,0.05,0.57,0.9,0.9
Tolo Harbour and Channel,TM6,22.44385,114.241767,8/19/2016,1,Bottom Water,0.3,0.033,0.5,5.4,5,0.006,0.3,32.8,0.04,0.99,1.1,0.6
Tolo Harbour and Channel,TM6,22.44385,114.241767,9/29/2016,1,Surface Water,1.4,0.04,3.4,4.9,22,0.004,2.9,31.1,0.05,0.21,1.9,0
Tolo Harbour and Channel,TM6,22.44385,114.241767,9/29/2016,1,Middle Water,0.5,0.03,2.4,4.7,3,0.008,1.1,31.9,0.04,0.13,0.8,0
Tolo Harbour and Channel,TM6,22.44385,114.241767,9/29/2016,1,Bottom Water,0.5,0.048,3.5,3.7,0,0.012,0,32.1,0.07,0.24,1,0
Tolo Harbour and Channel,TM6,22.44385,114.241767,10/13/2016,1,Surface Water,0.8,0.034,1.6,6.1,1,0.005,0.3,30.5,0.04,0.55,4.2,0
Tolo Harbour and Channel,TM6,22.44385,114.241767,10/13/2016,1,Middle Water,0.6,0.027,2,4.6,1,0.013,1,30.9,0.09,0.26,0.8,0.6
Tolo Harbour and Channel,TM6,22.44385,114.241767,10/13/2016,1,Bottom Water,0,0.008,1.3,2.2,7,0.014,1,32.4,0.1,0.52,1.1,0.5
Tolo Harbour and Channel,TM6,22.44385,114.241767,11/10/2016,1,Surface Water,0.7,0.049,7.2,5.7,23,0.003,2.1,29.9,0.09,0.33,2.3,0
Tolo Harbour and Channel,TM6,22.44385,114.241767,11/10/2016,1,Middle Water,0.6,0.041,4.4,6.1,14,0.003,1.4,30.5,0.07,0.3,0.7,0.7
Tolo Harbour and Channel,TM6,22.44385,114.241767,11/10/2016,1,Bottom Water,0.3,0.06,3.1,4.8,3,0.005,0.3,31.3,0.12,0.29,1.8,0.8
Tolo Harbour and Channel,TM6,22.44385,114.241767,12/12/2016,1,Surface Water,0.9,0.023,4.1,6.7,17,0,2.9,30.2,0.07,0.53,2.5,1.2
Tolo Harbour and Channel,TM6,22.44385,114.241767,12/12/2016,1,Middle Water,0.9,0.023,4.6,7.2,5,0,1.6,30.3,0.07,0.6,2.5,1.3
Tolo Harbour and Channel,TM6,22.44385,114.241767,12/12/2016,1,Bottom Water,0.6,0.061,2.2,4.6,3,0.005,2.1,30.9,0.17,0.76,3.2,1
Tolo Harbour and Channel,TM6,22.44385,114.241767,1/18/2017,1,Surface Water,0.7,0.08,0.7,5.9,0,0,0.3,30.3,0.09,0.22,0.5,0.6
Tolo Harbour and Channel,TM6,22.44385,114.241767,1/18/2017,1,Middle Water,0.6,0.076,0.3,5.9,0,0.003,0.3,30.5,0.08,0.23,0.7,0.6
Tolo Harbour and Channel,TM6,22.44385,114.241767,1/18/2017,1,Bottom Water,3.1,0.081,0.8,5.8,0,0.005,0.7,30.5,0.09,0.31,3.1,1.6
Tolo Harbour and Channel,TM6,22.44385,114.241767,2/20/2017,1,Surface Water,0.9,0.012,3.4,6.8,0,0.002,0.9,30.2,0.02,0.23,2.6,1.2
Tolo Harbour and Channel,TM6,22.44385,114.241767,2/20/2017,1,Middle Water,0.4,0.029,1.9,7.4,0,0.002,1.2,30.7,0.04,0.63,2.7,0.9
Tolo Harbour and Channel,TM6,22.44385,114.241767,2/20/2017,1,Bottom Water,0.6,0.052,1,6.2,0,0.007,0,31,0.1,0.88,3.8,0.8
Tolo Harbour and Channel,TM6,22.44385,114.241767,3/10/2017,1,Surface Water,1.1,0.04,2.2,6.8,13,0.003,1.7,30.6,0.06,0.31,2.4,0.9
Tolo Harbour and Channel,TM6,22.44385,114.241767,3/10/2017,1,Middle Water,1,0.043,1.2,7.5,1,0.003,1.2,31,0.07,0.34,2.4,0.7
Tolo Harbour and Channel,TM6,22.44385,114.241767,3/10/2017,1,Bottom Water,0.4,0.06,1.1,7.1,0,0.004,0.7,31.3,0.1,0.22,2.4,0.6
Tolo Harbour and Channel,TM6,22.44385,114.241767,4/5/2017,1,Surface Water,1.4,0.065,0.7,6.3,0,0.004,0,30.6,0.12,0.45,2.6,1.6
Tolo Harbour and Channel,TM6,22.44385,114.241767,4/5/2017,1,Middle Water,1.9,0.04,0.9,7.2,0,0.004,0.5,31.2,0.1,0.45,0.6,2
Tolo Harbour and Channel,TM6,22.44385,114.241767,4/5/2017,1,Bottom Water,1,0.068,1,6.3,0,0.004,0.4,31.9,0.1,0.65,1.1,1.6
Tolo Harbour and Channel,TM6,22.44385,114.241767,5/19/2017,1,Surface Water,1.4,0.037,1,6.5,0,0,0.2,31.5,0.05,0.27,1.3,1.7
Tolo Harbour and Channel,TM6,22.44385,114.241767,5/19/2017,1,Middle Water,1.2,0.027,1.2,6.8,2,0,1.1,31.9,0.04,0.32,0.3,0.6
Tolo Harbour and Channel,TM6,22.44385,114.241767,5/19/2017,1,Bottom Water,0.8,0.087,1.6,4.3,10,0.004,1.1,32.6,0.09,0.25,0.4,0.6
Tolo Harbour and Channel,TM6,22.44385,114.241767,6/14/2017,1,Surface Water,1.2,0.084,4.3,5.7,18000,0.004,1.6,28.5,0.21,0.33,1.3,1.2
Tolo Harbour and Channel,TM6,22.44385,114.241767,6/14/2017,1,Middle Water,0.7,0.067,1.6,5,3200,0.009,0.6,32,0.1,0.31,0.7,0.6
Tolo Harbour and Channel,TM6,22.44385,114.241767,6/14/2017,1,Bottom Water,0.4,0.07,0.6,5,68,0.006,0.3,32.2,0.08,0.24,1.2,0
Tolo Harbour and Channel,TM6,22.44385,114.241767,7/12/2017,1,Surface Water,3,0.021,5.6,9.7,1,0.003,2.1,27.2,0.03,0.16,1,2.2
Tolo Harbour and Channel,TM6,22.44385,114.241767,7/12/2017,1,Middle Water,2.6,0.051,6.8,4.7,1,0.007,2.4,31.1,0.06,0.3,0.7,0.8
Tolo Harbour and Channel,TM6,22.44385,114.241767,7/12/2017,1,Bottom Water,1,0.074,3.7,1.1,1,0.019,1.3,34,0.11,0.75,1,0.7
Tolo Harbour and Channel,TM6,22.44385,114.241767,8/18/2017,1,Surface Water,1,0.023,1.7,5.8,0,0.016,0.7,32.6,0.03,0.51,0.3,1
Tolo Harbour and Channel,TM6,22.44385,114.241767,8/18/2017,1,Middle Water,2.2,0.03,4,3.6,0,0.028,1.8,33.8,0.03,0.37,0.7,1.8
Tolo Harbour and Channel,TM6,22.44385,114.241767,8/18/2017,1,Bottom Water,0.8,0.088,3.3,0.1,0,0.031,1,34.3,0.09,0.74,1.6,1.9
Tolo Harbour and Channel,TM6,22.44385,114.241767,9/20/2017,1,Surface Water,1.5,0.009,1.5,7.7,0,0.004,0,30.2,0.01,0.71,0.7,2.9
Tolo Harbour and Channel,TM6,22.44385,114.241767,9/20/2017,1,Middle Water,0.9,0.011,2.5,7.1,0,0.004,0.3,30.7,0.02,0.86,0.8,2.5
Tolo Harbour and Channel,TM6,22.44385,114.241767,9/20/2017,1,Bottom Water,0.3,0.045,0.9,3.4,0,0.012,0.8,31.8,0.06,0.86,0.6,2.2
Tolo Harbour and Channel,TM6,22.44385,114.241767,10/19/2017,1,Surface Water,1.5,0.067,3.2,6.6,170,0.005,1.7,28.4,0.16,0.41,0.6,2.1
Tolo Harbour and Channel,TM6,22.44385,114.241767,10/19/2017,1,Middle Water,0.6,0.055,1.4,5.4,33,0.006,1,30.1,0.09,0.44,0.3,1.5
Tolo Harbour and Channel,TM6,22.44385,114.241767,10/19/2017,1,Bottom Water,1.2,0.047,1,4.9,1,0.006,0.5,31.8,0.08,0.33,1,1.5
Tolo Harbour and Channel,TM7,22.44845,114.267617,5/21/2015,1,Surface Water,1,0.058,2.8,5.8,550,0.003,1.9,29.9,0.08,0.28,3.6,1
Tolo Harbour and Channel,TM7,22.44845,114.267617,5/21/2015,1,Middle Water,0.8,0.071,2.5,5.4,180,0.004,0,31.2,0.09,0.31,3.1,0.7
Tolo Harbour and Channel,TM7,22.44845,114.267617,5/21/2015,1,Bottom Water,0.4,0.089,1.4,3.8,76,0.006,1.3,33.1,0.11,0.24,2.9,0.7
Tolo Harbour and Channel,TM7,22.44845,114.267617,6/25/2015,1,Surface Water,1.6,0.04,3.3,5.9,180,0.003,2.1,27,0.19,0.4,2.3,0
Tolo Harbour and Channel,TM7,22.44845,114.267617,6/25/2015,1,Middle Water,1.4,0.032,3.8,6.9,80,0.003,1.8,28.6,0.17,0.52,2.2,0.5
Tolo Harbour and Channel,TM7,22.44845,114.267617,6/25/2015,1,Bottom Water,1.2,0.048,4.1,2.8,90,0.004,1.9,32.6,0.15,0.39,3,0
Tolo Harbour and Channel,TM7,22.44845,114.267617,7/8/2015,1,Surface Water,1.3,0.025,1.5,6,1,0.005,0,32.2,0.03,0.15,2.6,1.2
Tolo Harbour and Channel,TM7,22.44845,114.267617,7/8/2015,1,Middle Water,1.5,0.029,1,6.1,0,0.007,1.5,32.3,0.03,0.15,2.6,2.5
Tolo Harbour and Channel,TM7,22.44845,114.267617,7/8/2015,1,Bottom Water,1,0.15,0.6,4.6,1,0.038,2.2,32.9,0.19,0.37,2.8,0.7
Tolo Harbour and Channel,TM7,22.44845,114.267617,8/12/2015,1,Surface Water,1.1,0.018,2.2,5.9,3,0.005,0,32.9,0.02,0.3,2.4,5.3
Tolo Harbour and Channel,TM7,22.44845,114.267617,8/12/2015,1,Middle Water,0.8,0.018,2.3,6.1,3,0.006,0,33.4,0.02,0.26,2.3,0.9
Tolo Harbour and Channel,TM7,22.44845,114.267617,8/12/2015,1,Bottom Water,1.8,0.034,2.1,4.3,5,0.011,0.9,33.9,0.04,0.32,2.5,0.8
Tolo Harbour and Channel,TM7,22.44845,114.267617,9/18/2015,1,Surface Water,0.6,0.014,2.3,6.2,0,0.006,1,33,0.02,0.25,2.2,0
Tolo Harbour and Channel,TM7,22.44845,114.267617,9/18/2015,1,Middle Water,1,0.021,0.8,6.3,5,0.006,2.2,33.1,0.03,0.31,2.3,0.8
Tolo Harbour and Channel,TM7,22.44845,114.267617,9/18/2015,1,Bottom Water,1.3,0.026,4.8,5.6,1,0.006,2.3,33.2,0.03,0.32,2.8,1.8
Tolo Harbour and Channel,TM7,22.44845,114.267617,10/9/2015,1,Surface Water,2,0.027,12,7.2,7,0.002,2.2,28.6,0.05,0.55,2.9,1.7
Tolo Harbour and Channel,TM7,22.44845,114.267617,10/9/2015,1,Middle Water,0.7,0.13,3.3,4.8,22,0.007,1.2,32.3,0.15,0.57,2.5,2.7
Tolo Harbour and Channel,TM7,22.44845,114.267617,10/9/2015,1,Bottom Water,0.4,0.074,2.1,4.5,12,0.009,0.9,33,0.11,0.44,2.8,0.8
Tolo Harbour and Channel,TM7,22.44845,114.267617,11/19/2015,1,Surface Water,1.5,0.03,4.8,7.3,3,0.005,0.9,31.8,0.03,0.55,2.7,1.1
Tolo Harbour and Channel,TM7,22.44845,114.267617,11/19/2015,1,Middle Water,1.3,0.03,12,6.5,4,0.006,2.5,32.6,0.05,0.46,2.7,1
Tolo Harbour and Channel,TM7,22.44845,114.267617,11/19/2015,1,Bottom Water,0.8,0.017,2.9,4.5,3,0.009,1.6,32.9,0.12,0.59,3.5,0.8
Tolo Harbour and Channel,TM7,22.44845,114.267617,12/18/2015,1,Surface Water,2.1,0.031,9.8,7,3,0.004,0.6,32.7,0.04,0.44,3.1,1.4
Tolo Harbour and Channel,TM7,22.44845,114.267617,12/18/2015,1,Middle Water,1.5,0.035,11,7.5,2,0.005,0.9,32.7,0.04,0.56,4,1.4
Tolo Harbour and Channel,TM7,22.44845,114.267617,12/18/2015,1,Bottom Water,1.3,0.032,9.2,7.4,1,0.005,0.9,32.7,0.04,0.49,7,0.9
Tolo Harbour and Channel,TM7,22.44845,114.267617,1/14/2016,1,Surface Water,3.8,0.057,27,8.5,1,0.005,1.3,31.6,0.06,0.49,2.9,2
Tolo Harbour and Channel,TM7,22.44845,114.267617,1/14/2016,1,Middle Water,2.5,0.038,7.4,9.6,0,0.007,0.5,31.7,0.04,0.2,2.8,1.8
Tolo Harbour and Channel,TM7,22.44845,114.267617,1/14/2016,1,Bottom Water,1.5,0.035,4,8.3,0,0.006,1.2,31.8,0.04,0.25,3.3,4.2
Tolo Harbour and Channel,TM7,22.44845,114.267617,2/19/2016,1,Surface Water,2.1,0.034,9.9,8,20,0.003,0.7,29.9,0.06,0.63,2.7,1.8
Tolo Harbour and Channel,TM7,22.44845,114.267617,2/19/2016,1,Middle Water,0.7,0.049,1.7,7.2,0,0.003,0,30.8,0.12,0.75,2.5,1
Tolo Harbour and Channel,TM7,22.44845,114.267617,2/19/2016,1,Bottom Water,0.7,0.049,2.8,7.7,0,0.004,0.4,30.9,0.09,0.56,2.9,0.8
Tolo Harbour and Channel,TM7,22.44845,114.267617,3/18/2016,1,Surface Water,0.6,0.087,0.4,6.7,3,0.004,0.3,30.8,0.14,0.47,0.6,0.6
Tolo Harbour and Channel,TM7,22.44845,114.267617,3/18/2016,1,Middle Water,0.6,0.07,0,5.1,2,0.005,1.8,30.7,0.1,0.29,0.7,0.5
Tolo Harbour and Channel,TM7,22.44845,114.267617,3/18/2016,1,Bottom Water,0.5,0.078,0,5,0,0.008,1.6,30.9,0.12,0.22,1.6,0.6
Tolo Harbour and Channel,TM7,22.44845,114.267617,4/14/2016,1,Surface Water,3,0.097,19,6.5,39,0,4.5,29.8,0.11,0.39,0.6,1.2
Tolo Harbour and Channel,TM7,22.44845,114.267617,4/14/2016,1,Middle Water,2.3,0.057,3.6,5.6,6,0,1.7,31.2,0.07,0.36,0.2,1.4
Tolo Harbour and Channel,TM7,22.44845,114.267617,4/14/2016,1,Bottom Water,0.9,0.06,0.7,3.7,1,0,1.1,31.5,0.06,0.24,0.3,0.7
Tolo Harbour and Channel,TM7,22.44845,114.267617,5/11/2016,1,Surface Water,1.9,0.051,4.6,5.8,39,0.052,0.7,28.7,0.09,0.61,1,1.4
Tolo Harbour and Channel,TM7,22.44845,114.267617,5/11/2016,1,Middle Water,1.7,0.049,5.9,6.1,8,0.011,0.3,30.2,0.07,0.63,0.5,1.6
Tolo Harbour and Channel,TM7,22.44845,114.267617,5/11/2016,1,Bottom Water,1.4,0.072,3.7,4.9,14,0.002,1.1,31,0.1,0.51,0.5,1
Tolo Harbour and Channel,TM7,22.44845,114.267617,6/13/2016,1,Surface Water,1.8,0.035,9.3,6.7,190,0.002,1.8,29.2,0.04,0.21,0.9,1.5
Tolo Harbour and Channel,TM7,22.44845,114.267617,6/13/2016,1,Middle Water,0.7,0.041,3.2,4.7,11,0.007,0.7,29.3,0.05,0.37,0.7,0.9
Tolo Harbour and Channel,TM7,22.44845,114.267617,6/13/2016,1,Bottom Water,0.5,0.055,0.9,5.7,3,0.007,0.4,32.1,0.07,0.55,1,0
Tolo Harbour and Channel,TM7,22.44845,114.267617,7/18/2016,1,Surface Water,1.5,0.012,3.5,6.1,0,0,0.7,30.9,0.02,0.44,2.2,1.6
Tolo Harbour and Channel,TM7,22.44845,114.267617,7/18/2016,1,Middle Water,2.1,0.008,4.3,5.4,0,0,1.4,31.2,0.01,1.1,1.5,2
Tolo Harbour and Channel,TM7,22.44845,114.267617,7/18/2016,1,Bottom Water,0.8,0.017,2.5,2,1,0.046,0.5,34.1,0.21,1.49,1.1,1.8
Tolo Harbour and Channel,TM7,22.44845,114.267617,8/19/2016,1,Surface Water,2.9,0.052,13,6.3,9,0.004,1.6,28.5,0.06,1.1,2.2,2.6
Tolo Harbour and Channel,TM7,22.44845,114.267617,8/19/2016,1,Middle Water,1.2,0.035,1.8,6.9,1,0.003,0.7,31.6,0.04,0.72,1.1,1
Tolo Harbour and Channel,TM7,22.44845,114.267617,8/19/2016,1,Bottom Water,0.7,0.029,1.4,5.3,0,0.003,0,32.6,0.03,0.88,0.9,0.6
Tolo Harbour and Channel,TM7,22.44845,114.267617,9/29/2016,1,Surface Water,1.3,0.028,2.1,5.4,1,0.003,2.3,31.2,0.03,0.18,7.1,1
Tolo Harbour and Channel,TM7,22.44845,114.267617,9/29/2016,1,Middle Water,1,0.02,1.9,5.2,0,0.004,1.7,31.6,0.02,0.11,0.9,0
Tolo Harbour and Channel,TM7,22.44845,114.267617,9/29/2016,1,Bottom Water,0.3,0.035,1.5,3.9,0,0.011,1.8,32.2,0.06,0.26,0.9,0
Tolo Harbour and Channel,TM7,22.44845,114.267617,10/13/2016,1,Surface Water,0.8,0.03,2.2,5.9,0,0.005,0.9,30.5,0.03,0.51,7.7,0.6
Tolo Harbour and Channel,TM7,22.44845,114.267617,10/13/2016,1,Middle Water,0.7,0.027,2,5.6,0,0.004,0.6,30.6,0.03,0.32,0.8,0.8
Tolo Harbour and Channel,TM7,22.44845,114.267617,10/13/2016,1,Bottom Water,0.1,0.013,1.5,2.2,0,0.017,1.3,32.4,0.13,0.75,1,0.9
Tolo Harbour and Channel,TM7,22.44845,114.267617,11/10/2016,1,Surface Water,0.8,0.036,6.8,6.3,2,0.003,0.4,29.9,0.07,0.16,2.2,0.6
Tolo Harbour and Channel,TM7,22.44845,114.267617,11/10/2016,1,Middle Water,0.3,0.034,5.3,5.7,2,0.003,1.2,30.1,0.07,0.21,0.8,0.8
Tolo Harbour and Channel,TM7,22.44845,114.267617,11/10/2016,1,Bottom Water,0.5,0.065,4.5,4.3,2,0.005,3.5,31.2,0.11,0.27,4.8,0.7
Tolo Harbour and Channel,TM7,22.44845,114.267617,12/12/2016,1,Surface Water,0.8,0.016,3.4,6.8,0,0,2.3,30.4,0.06,0.61,2.8,0.9
Tolo Harbour and Channel,TM7,22.44845,114.267617,12/12/2016,1,Middle Water,0.8,0.02,4.8,6,0,0,0.3,30.4,0.07,0.35,2.3,0.8
Tolo Harbour and Channel,TM7,22.44845,114.267617,12/12/2016,1,Bottom Water,0.4,0.043,2.5,5.8,0,0.005,0.5,30.9,0.14,0.53,3.2,0.8
Tolo Harbour and Channel,TM7,22.44845,114.267617,1/18/2017,1,Surface Water,0.8,0.06,0.6,6.1,2,0,0.3,30.4,0.07,0.19,0.8,0.6
Tolo Harbour and Channel,TM7,22.44845,114.267617,1/18/2017,1,Middle Water,0.8,0.064,0.8,6,0,0,0.2,30.5,0.07,0.24,0.9,0.6
Tolo Harbour and Channel,TM7,22.44845,114.267617,1/18/2017,1,Bottom Water,0.8,0.078,0.8,6.1,0,0,0,30.5,0.08,0.26,0.8,0.6
Tolo Harbour and Channel,TM7,22.44845,114.267617,2/20/2017,1,Surface Water,0.9,0.008,2.7,6.8,2,0.003,1.1,30.4,0.01,0.56,2.5,0.8
Tolo Harbour and Channel,TM7,22.44845,114.267617,2/20/2017,1,Middle Water,1.1,0.02,4,8.1,0,0.002,1.8,30.6,0.03,1.11,2.6,1.4
Tolo Harbour and Channel,TM7,22.44845,114.267617,2/20/2017,1,Bottom Water,0.8,0.052,1,6.4,0,0.007,0.9,30.9,0.09,0.63,3,1
Tolo Harbour and Channel,TM7,22.44845,114.267617,3/10/2017,1,Surface Water,0.8,0.042,1.6,7.2,14,0.004,0.3,30.9,0.07,0.37,2.2,0.6
Tolo Harbour and Channel,TM7,22.44845,114.267617,3/10/2017,1,Middle Water,0.6,0.044,1.3,7.4,1,0.004,0,31,0.06,0.53,2.2,0.6
Tolo Harbour and Channel,TM7,22.44845,114.267617,3/10/2017,1,Bottom Water,0.5,0.048,0.9,6.9,1,0.005,0.3,31.3,0.08,0.22,2.6,0.6
Tolo Harbour and Channel,TM7,22.44845,114.267617,4/5/2017,1,Surface Water,1.4,0.029,0.9,6.3,0,0.003,0.3,30.8,0.09,0.45,2.9,1.4
Tolo Harbour and Channel,TM7,22.44845,114.267617,4/5/2017,1,Middle Water,1.2,0.036,1.1,7.1,0,0.004,0.5,31.2,0.09,0.52,0.6,1.7
Tolo Harbour and Channel,TM7,22.44845,114.267617,4/5/2017,1,Bottom Water,1,0.058,1.1,6.4,0,0.003,0,31.8,0.11,0.69,1.5,2.2
Tolo Harbour and Channel,TM7,22.44845,114.267617,5/19/2017,1,Surface Water,1.2,0.018,1,7,0,0,0.4,31.9,0.03,0.3,1.7,0.6
Tolo Harbour and Channel,TM7,22.44845,114.267617,5/19/2017,1,Middle Water,1.5,0.037,1.6,7.1,3,0,1.3,32.2,0.04,0.33,0.3,0.7
Tolo Harbour and Channel,TM7,22.44845,114.267617,5/19/2017,1,Bottom Water,0.7,0.084,1.9,4.7,6,0,0,32.6,0.09,0.26,0.3,0.9
Tolo Harbour and Channel,TM7,22.44845,114.267617,6/14/2017,1,Surface Water,0.9,0.074,1.5,5.3,1900,0.003,0.9,30.8,0.11,0.3,0.8,0.6
Tolo Harbour and Channel,TM7,22.44845,114.267617,6/14/2017,1,Middle Water,0.4,0.068,1.2,5,500,0.002,0,31.8,0.08,0.24,0.6,0.6
Tolo Harbour and Channel,TM7,22.44845,114.267617,6/14/2017,1,Bottom Water,0.1,0.061,0.5,5.2,30,0.003,0.3,32,0.07,0.24,0.8,0
Tolo Harbour and Channel,TM7,22.44845,114.267617,7/12/2017,1,Surface Water,2.3,0.022,5.2,8.9,4,0.002,1.1,27.9,0.03,0.14,0.8,1.3
Tolo Harbour and Channel,TM7,22.44845,114.267617,7/12/2017,1,Middle Water,1.9,0.015,11,9.8,0,0.003,2,29.4,0.02,0.23,0.9,1.4
Tolo Harbour and Channel,TM7,22.44845,114.267617,7/12/2017,1,Bottom Water,0.6,0.13,1.4,0.9,0,0.039,0.6,33.9,0.18,0.35,0.9,0.6
Tolo Harbour and Channel,TM7,22.44845,114.267617,8/18/2017,1,Surface Water,1.1,0.017,1.8,6.1,1,0.014,0,32.7,0.02,0.38,0.3,1.2
Tolo Harbour and Channel,TM7,22.44845,114.267617,8/18/2017,1,Middle Water,1.8,0.046,4.1,4.3,1,0.033,2.2,33.7,0.05,0.44,1,2
Tolo Harbour and Channel,TM7,22.44845,114.267617,8/18/2017,1,Bottom Water,0.7,0.078,4.3,0.1,0,0.033,0.9,34.3,0.08,0.36,1.8,1.4
Tolo Harbour and Channel,TM7,22.44845,114.267617,9/20/2017,1,Surface Water,1.2,0,1.1,7.7,0,0.005,0.9,30.4,0.01,0.75,0.6,2.8
Tolo Harbour and Channel,TM7,22.44845,114.267617,9/20/2017,1,Middle Water,1.1,0.009,2.2,7.8,2,0.004,0.3,30.5,0.01,0.66,0.6,2.7
Tolo Harbour and Channel,TM7,22.44845,114.267617,9/20/2017,1,Bottom Water,0.6,0.068,1.2,4.3,0,0.018,0.9,31.5,0.1,1.03,0.7,3.2
Tolo Harbour and Channel,TM7,22.44845,114.267617,10/19/2017,1,Surface Water,0.8,0.05,1.5,6,2,0.005,1.2,29.6,0.09,0.75,1.8,1.7
Tolo Harbour and Channel,TM7,22.44845,114.267617,10/19/2017,1,Middle Water,0.7,0.04,1.5,6,0,0.005,0.8,29.9,0.07,0.32,0.3,1.6
Tolo Harbour and Channel,TM7,22.44845,114.267617,10/19/2017,1,Bottom Water,0.5,0.085,1.4,4.1,2,0.005,1.1,31.8,0.12,0.58,1.1,2.2
Tolo Harbour and Channel,TM8,22.4732,114.30005,5/21/2015,1,Surface Water,1,0.047,2.5,5.7,230,0.003,1.6,29.5,0.07,0.26,4.1,0.9
Tolo Harbour and Channel,TM8,22.4732,114.30005,5/21/2015,1,Middle Water,0.4,0.085,2,3.4,5,0.01,0.4,33.3,0.12,0.29,3,0
Tolo Harbour and Channel,TM8,22.4732,114.30005,5/21/2015,1,Bottom Water,0.6,0.055,2.1,3.1,6,0.012,0,33.9,0.15,0.29,5,0.9
Tolo Harbour and Channel,TM8,22.4732,114.30005,6/25/2015,1,Surface Water,1.3,0.023,2.6,6.4,7,0.003,1.7,27.2,0.18,0.36,7,0
Tolo Harbour and Channel,TM8,22.4732,114.30005,6/25/2015,1,Middle Water,1.1,0.052,2.7,5.3,5,0.003,2.7,31.4,0.13,0.36,9.3,0
Tolo Harbour and Channel,TM8,22.4732,114.30005,6/25/2015,1,Bottom Water,1.2,0.12,5.9,2.3,4,0.022,3.2,34.4,0.15,0.33,10.6,0
Tolo Harbour and Channel,TM8,22.4732,114.30005,7/8/2015,1,Surface Water,1.1,0.022,1.7,5.9,0,0.006,0.4,32.2,0.03,0.16,2.7,1.4
Tolo Harbour and Channel,TM8,22.4732,114.30005,7/8/2015,1,Middle Water,0.4,0.018,0.7,1.6,1,0.026,1.3,33.6,0.16,0.3,2.5,0.6
Tolo Harbour and Channel,TM8,22.4732,114.30005,7/8/2015,1,Bottom Water,0.6,0.047,1.1,1.5,1,0.026,1,34.4,0.19,0.33,3.3,3.3
Tolo Harbour and Channel,TM8,22.4732,114.30005,8/12/2015,1,Surface Water,1.5,0.019,4,6.4,0,0.004,0,32.8,0.02,0.25,2.4,0.9
Tolo Harbour and Channel,TM8,22.4732,114.30005,8/12/2015,1,Middle Water,0.5,0.021,1.4,4.8,0,0.006,0,34,0.03,0.27,2.4,0
Tolo Harbour and Channel,TM8,22.4732,114.30005,8/12/2015,1,Bottom Water,1.9,0.1,3.4,0.8,9,0.033,0.5,34.3,0.11,0.36,3.2,0
Tolo Harbour and Channel,TM8,22.4732,114.30005,9/18/2015,1,Surface Water,0.7,0.015,1.4,6.5,0,0.005,0,33.2,0.02,0.35,2.4,1
Tolo Harbour and Channel,TM8,22.4732,114.30005,9/18/2015,1,Middle Water,0.7,0.017,1.5,6.3,0,0.006,1.4,33.5,0.02,0.26,2.3,0
Tolo Harbour and Channel,TM8,22.4732,114.30005,9/18/2015,1,Bottom Water,0.6,0.065,3.4,4.8,1,0.015,0.4,33.5,0.07,0.32,2.6,1.2
Tolo Harbour and Channel,TM8,22.4732,114.30005,10/9/2015,1,Surface Water,1.5,0.023,6.2,6.7,9,0.003,1.1,30.4,0.05,0.55,2.6,1.6
Tolo Harbour and Channel,TM8,22.4732,114.30005,10/9/2015,1,Middle Water,2.6,0.052,3.4,5.5,12,0.005,1,33,0.08,0.83,2.3,3.3
Tolo Harbour and Channel,TM8,22.4732,114.30005,10/9/2015,1,Bottom Water,0.7,0.024,1,5.1,4,0.012,0.5,33.2,0.08,0.94,3.5,1.1
Tolo Harbour and Channel,TM8,22.4732,114.30005,11/19/2015,1,Surface Water,1.3,0.022,4.8,6.9,2,0.005,1.2,32.3,0.03,0.29,2.6,1
Tolo Harbour and Channel,TM8,22.4732,114.30005,11/19/2015,1,Middle Water,0.6,0.018,3.2,5.8,0,0.008,0.5,33.1,0.08,0.4,2.7,0.6
Tolo Harbour and Channel,TM8,22.4732,114.30005,11/19/2015,1,Bottom Water,0.5,0.016,1.5,5.5,0,0.01,0.4,33.2,0.1,0.65,4,0
Tolo Harbour and Channel,TM8,22.4732,114.30005,12/18/2015,1,Surface Water,1.2,0.022,5.3,6.5,0,0.005,0,32.8,0.03,0.59,2.8,0.9
Tolo Harbour and Channel,TM8,22.4732,114.30005,12/18/2015,1,Middle Water,1.1,0.025,4.1,7.1,1,0.005,0.6,32.9,0.04,0.49,2.8,1.2
Tolo Harbour and Channel,TM8,22.4732,114.30005,12/18/2015,1,Bottom Water,0.8,0.027,2.4,7.1,0,0.004,0.6,33.2,0.04,0.61,3.2,0.8
Tolo Harbour and Channel,TM8,22.4732,114.30005,1/14/2016,1,Surface Water,1.7,0.046,8.5,7.2,0,0.007,0.9,31.8,0.08,0.26,2.8,0.9
Tolo Harbour and Channel,TM8,22.4732,114.30005,1/14/2016,1,Middle Water,1.2,0.04,4.1,8.1,0,0.006,0.3,31.9,0.07,0.23,2.6,0.6
Tolo Harbour and Channel,TM8,22.4732,114.30005,1/14/2016,1,Bottom Water,1.1,0.03,3.3,8,0,0.005,0.5,31.9,0.07,0.31,3.3,4.4
Tolo Harbour and Channel,TM8,22.4732,114.30005,2/19/2016,1,Surface Water,1.8,0.038,5.6,6.7,2,0.004,0.3,30.3,0.05,0.6,2.6,1.1
Tolo Harbour and Channel,TM8,22.4732,114.30005,2/19/2016,1,Middle Water,0.6,0.059,0.8,8.1,0,0.004,0,30.9,0.12,0.54,2.3,0
Tolo Harbour and Channel,TM8,22.4732,114.30005,2/19/2016,1,Bottom Water,0.7,0.048,1.3,8.3,0,0.003,0,31.1,0.13,0.75,2.3,0.5
Tolo Harbour and Channel,TM8,22.4732,114.30005,3/18/2016,1,Surface Water,0.8,0.072,1.1,6.6,1,0.004,0.5,31.1,0.11,0.39,0.6,0
Tolo Harbour and Channel,TM8,22.4732,114.30005,3/18/2016,1,Middle Water,0.7,0.041,0,4.8,0,0.005,0.7,31,0.06,0.26,0.6,0.6
Tolo Harbour and Channel,TM8,22.4732,114.30005,3/18/2016,1,Bottom Water,0.9,0.08,1.5,5.7,2,0.01,0.9,31.7,0.13,0.41,1.4,1.2
Tolo Harbour and Channel,TM8,22.4732,114.30005,4/14/2016,1,Surface Water,3.5,0.13,1.1,6.5,17,0,3.3,29.4,0.16,0.43,0.5,1.4
Tolo Harbour and Channel,TM8,22.4732,114.30005,4/14/2016,1,Middle Water,1.2,0.053,0.3,6.2,2,0.002,0,31.6,0.06,0.24,0.2,0.7
Tolo Harbour and Channel,TM8,22.4732,114.30005,4/14/2016,1,Bottom Water,0.8,0.066,0,3.9,0,0.003,0,33.2,0.08,0.24,1,0.8
Tolo Harbour and Channel,TM8,22.4732,114.30005,5/11/2016,1,Surface Water,1.2,0.048,3.9,5.6,0,0.008,0.3,30.5,0.07,0.34,0.5,0
Tolo Harbour and Channel,TM8,22.4732,114.30005,5/11/2016,1,Middle Water,1,0.065,3.8,4.8,1,0.013,0.6,31.3,0.09,0.27,0.7,0.9
Tolo Harbour and Channel,TM8,22.4732,114.30005,5/11/2016,1,Bottom Water,0.6,0.11,0.9,3.7,0,0.007,0.4,32.9,0.15,0.34,3.4,3.7
Tolo Harbour and Channel,TM8,22.4732,114.30005,6/13/2016,1,Surface Water,1.7,0.032,8.2,7.1,23,0.002,1,28.4,0.05,0.17,0.9,2.5
Tolo Harbour and Channel,TM8,22.4732,114.30005,6/13/2016,1,Middle Water,0.4,0.054,1,4.5,3,0.012,0,28.7,0.13,0.36,1.1,0.5
Tolo Harbour and Channel,TM8,22.4732,114.30005,6/13/2016,1,Bottom Water,0.3,0.076,1.1,5.3,3,0.021,1,28.9,0.17,0.51,5.3,1
Tolo Harbour and Channel,TM8,22.4732,114.30005,7/18/2016,1,Surface Water,1.7,0.009,2.4,5.9,14,0,0.2,30.9,0.01,0.98,4.3,1.4
Tolo Harbour and Channel,TM8,22.4732,114.30005,7/18/2016,1,Middle Water,0.5,0.013,2.1,1.7,1,0.025,1.1,34.2,0.18,1.36,1.3,0
Tolo Harbour and Channel,TM8,22.4732,114.30005,7/18/2016,1,Bottom Water,0.1,0.012,1.1,1.1,0,0.031,0.4,34.6,0.21,0.94,2.7,1.2
Tolo Harbour and Channel,TM8,22.4732,114.30005,8/19/2016,1,Surface Water,1.2,0.043,4.1,6.6,0,0,0.5,31.5,0.05,0.66,2.5,0.9
Tolo Harbour and Channel,TM8,22.4732,114.30005,8/19/2016,1,Middle Water,0.6,0.03,1,5.7,1,0.003,0.3,32.7,0.03,1,0.6,0.5
Tolo Harbour and Channel,TM8,22.4732,114.30005,8/19/2016,1,Bottom Water,0.4,0.064,0.9,1.7,0,0.013,0.8,33.3,0.07,1.2,2.6,0.7
Tolo Harbour and Channel,TM8,22.4732,114.30005,9/29/2016,1,Surface Water,1,0.027,2.6,5.3,0,0.003,1.2,31.2,0.03,0.11,12.4,0.6
Tolo Harbour and Channel,TM8,22.4732,114.30005,9/29/2016,1,Middle Water,0.6,0.031,1.7,5.5,1,0.005,0.4,31.9,0.04,0.1,0.8,0.5
Tolo Harbour and Channel,TM8,22.4732,114.30005,9/29/2016,1,Bottom Water,0.4,0.037,1.4,2.7,0,0.018,1,32.3,0.07,0.24,1.5,0
Tolo Harbour and Channel,TM8,22.4732,114.30005,10/13/2016,1,Surface Water,0.3,0.019,2.5,5.2,0,0.004,0.9,31.3,0.03,0.67,0.8,0.7
Tolo Harbour and Channel,TM8,22.4732,114.30005,10/13/2016,1,Middle Water,0,0.033,1.5,3.5,1,0.013,0.7,32.4,0.11,0.48,1,0
Tolo Harbour and Channel,TM8,22.4732,114.30005,10/13/2016,1,Bottom Water,0,0.028,2,5.4,0,0.011,0.5,32.5,0.07,0.68,2.9,0.6
Tolo Harbour and Channel,TM8,22.4732,114.30005,11/10/2016,1,Surface Water,0.5,0.025,5.5,5.9,0,0.003,2,30.4,0.05,0.25,6.3,0
Tolo Harbour and Channel,TM8,22.4732,114.30005,11/10/2016,1,Middle Water,0.1,0.04,1.7,5.8,0,0.006,1.5,31.2,0.08,0.22,1.6,0.6
Tolo Harbour and Channel,TM8,22.4732,114.30005,11/10/2016,1,Bottom Water,0.2,0.046,2.7,5.8,1,0.004,2.6,31.1,0.09,0.71,10.8,2
Tolo Harbour and Channel,TM8,22.4732,114.30005,12/12/2016,1,Surface Water,0.7,0.023,2.1,6.6,0,0.002,1.9,30.8,0.1,0.56,2.5,0.8
Tolo Harbour and Channel,TM8,22.4732,114.30005,12/12/2016,1,Middle Water,0.4,0.029,1.5,6.3,0,0.007,1.3,31,0.13,0.34,3,0.6
Tolo Harbour and Channel,TM8,22.4732,114.30005,12/12/2016,1,Bottom Water,0.2,0.044,1.7,6.4,0,0.011,0.6,31.1,0.15,0.61,4.8,0.9
Tolo Harbour and Channel,TM8,22.4732,114.30005,1/18/2017,1,Surface Water,0.7,0.06,0,6.1,0,0.002,0,30.6,0.07,0.29,3.9,0
Tolo Harbour and Channel,TM8,22.4732,114.30005,1/18/2017,1,Middle Water,0.3,0.062,0,6.7,0,0.002,0,30.7,0.07,0.23,0.8,0.6
Tolo Harbour and Channel,TM8,22.4732,114.30005,1/18/2017,1,Bottom Water,1.5,0.089,1,6.8,0,0,0.9,30.8,0.1,0.28,6.3,1.8
Tolo Harbour and Channel,TM8,22.4732,114.30005,2/20/2017,1,Surface Water,1,0.005,1.9,6.9,0,0,0.3,30.7,0.01,0.14,2.3,0.7
Tolo Harbour and Channel,TM8,22.4732,114.30005,2/20/2017,1,Middle Water,0.6,0.036,1,7.4,0,0.004,0.6,31,0.07,0.44,2.4,0.8
Tolo Harbour and Channel,TM8,22.4732,114.30005,2/20/2017,1,Bottom Water,0.4,0.053,1.2,6.1,0,0.012,0.3,31.2,0.18,0.63,6.7,1.3
Tolo Harbour and Channel,TM8,22.4732,114.30005,3/10/2017,1,Surface Water,1.1,0.026,1.5,5.2,0,0.002,0,30.8,0.04,0.32,2.3,0.9
Tolo Harbour and Channel,TM8,22.4732,114.30005,3/10/2017,1,Middle Water,0.4,0.05,0.6,7.6,0,0.005,0.3,31.5,0.07,0.33,2.4,0.6
Tolo Harbour and Channel,TM8,22.4732,114.30005,3/10/2017,1,Bottom Water,0.4,0.087,0.5,5.9,0,0.012,0.3,31.8,0.15,0.39,3.8,0.8
Tolo Harbour and Channel,TM8,22.4732,114.30005,4/5/2017,1,Surface Water,1.1,0.025,0.6,6.4,0,0.003,0.3,31.2,0.08,0.35,3.1,2.1
Tolo Harbour and Channel,TM8,22.4732,114.30005,4/5/2017,1,Middle Water,9,0.11,11,7.4,0,0.004,3.7,32,0.16,0.55,0.4,11
Tolo Harbour and Channel,TM8,22.4732,114.30005,4/5/2017,1,Bottom Water,4.2,0.075,17,5.8,0,0.004,3.1,32.9,0.13,0.71,1.9,7.9
Tolo Harbour and Channel,TM8,22.4732,114.30005,5/19/2017,1,Surface Water,1,0.021,1.4,6.3,0,0,1.3,32.5,0.03,0.33,3.3,0
Tolo Harbour and Channel,TM8,22.4732,114.30005,5/19/2017,1,Middle Water,0.9,0.029,1.6,6.5,0,0,1.5,32.8,0.04,0.31,0.3,0.5
Tolo Harbour and Channel,TM8,22.4732,114.30005,5/19/2017,1,Bottom Water,0.5,0.058,0.6,2.5,1,0.01,0,33.5,0.11,0.37,1.7,1
Tolo Harbour and Channel,TM8,22.4732,114.30005,6/14/2017,1,Surface Water,0.8,0.055,2.7,5.7,260,0.006,1,30.1,0.08,0.31,4,0.9
Tolo Harbour and Channel,TM8,22.4732,114.30005,6/14/2017,1,Middle Water,0.3,0.055,0.9,5.6,71,0.005,0.2,32.2,0.07,0.21,0.4,0
Tolo Harbour and Channel,TM8,22.4732,114.30005,6/14/2017,1,Bottom Water,0.2,0.12,0.7,3.2,3,0.008,0,32.6,0.14,0.27,1.7,0.6
Tolo Harbour and Channel,TM8,22.4732,114.30005,7/12/2017,1,Surface Water,1.3,0.022,4,8.8,1,0.003,1,27.7,0.03,0.19,0.6,0.8
Tolo Harbour and Channel,TM8,22.4732,114.30005,7/12/2017,1,Middle Water,0.6,0.099,2.2,2.2,0,0.019,1,34.1,0.15,0.28,0.9,0.6
Tolo Harbour and Channel,TM8,22.4732,114.30005,7/12/2017,1,Bottom Water,0.4,0.091,1.3,1.6,1,0.023,0.4,34.2,0.16,0.34,2.4,0.6
Tolo Harbour and Channel,TM8,22.4732,114.30005,8/18/2017,1,Surface Water,1,0.014,1.8,6.2,0,0.014,0.3,33,0.02,0.36,0.3,1
Tolo Harbour and Channel,TM8,22.4732,114.30005,8/18/2017,1,Middle Water,0.8,0.057,7.2,0.2,0,0.025,5,34.4,0.08,0.27,1,1.6
Tolo Harbour and Channel,TM8,22.4732,114.30005,8/18/2017,1,Bottom Water,0.5,0.075,4.5,0,0,0.032,2,34.5,0.08,0.52,0.8,1.4
Tolo Harbour and Channel,TM8,22.4732,114.30005,9/20/2017,1,Surface Water,0.9,0.008,1.3,7.3,0,0.005,0.2,30.6,0.01,0.49,0.5,2.6
Tolo Harbour and Channel,TM8,22.4732,114.30005,9/20/2017,1,Middle Water,0.8,0.007,2,6.5,0,0.005,0.3,31.1,0.01,0.71,0.6,2.6
Tolo Harbour and Channel,TM8,22.4732,114.30005,9/20/2017,1,Bottom Water,0.4,0.035,1,0.7,0,0.025,0.6,32.6,0.11,0.44,4.4,3.8
Tolo Harbour and Channel,TM8,22.4732,114.30005,10/19/2017,1,Surface Water,0.5,0.04,1.6,5.9,0,0.005,0.4,30.4,0.07,0.31,0.3,1.9
Tolo Harbour and Channel,TM8,22.4732,114.30005,10/19/2017,1,Middle Water,0.4,0.03,1.1,5.7,0,0.004,0.5,31.5,0.06,0.64,0.7,1.4
Tolo Harbour and Channel,TM8,22.4732,114.30005,10/19/2017,1,Bottom Water,0.4,0.052,1.1,4.3,1,0.005,1.8,32,0.11,0.44,8,2.9
Tolo Harbour and Channel,TT1,22.4545,114.21195,5/21/2015,1,Surface Water,1.1,0.13,2.8,5.6,12000,0.017,0,19.5,0.33,0.68,7.6,1.6
Tolo Harbour and Channel,TT1,22.4545,114.21195,5/21/2015,1,Middle Water,0.9,0.1,1.7,4.7,3800,0.006,1,29.9,0.14,0.35,3.8,0.6
Tolo Harbour and Channel,TT1,22.4545,114.21195,5/21/2015,1,Bottom Water,0.5,0.13,0.9,3.7,380,0.008,0,32,0.15,0.33,3.2,0.8
Tolo Harbour and Channel,TT1,22.4545,114.21195,7/8/2015,1,Surface Water,1.5,0.033,2,4.8,11,0.005,1.8,32.4,0.04,0.26,3,1
Tolo Harbour and Channel,TT1,22.4545,114.21195,7/8/2015,1,Middle Water,1.5,0.042,2.5,6.2,43,0.005,2.2,32.4,0.05,0.26,3.1,1.6
Tolo Harbour and Channel,TT1,22.4545,114.21195,7/8/2015,1,Bottom Water,1.5,0.043,1.9,5.9,18,0.005,2.3,32.4,0.05,0.19,3.5,1.5
Tolo Harbour and Channel,TT1,22.4545,114.21195,9/18/2015,1,Surface Water,1.1,0.041,4.9,5.8,26,0.005,3.1,32.4,0.05,0.45,3,2.2
Tolo Harbour and Channel,TT1,22.4545,114.21195,9/18/2015,1,Bottom Water,1.2,0.045,4.5,6,34,0.003,1.9,32.4,0.05,0.67,2.8,2.4
Tolo Harbour and Channel,TT1,22.4545,114.21195,11/19/2015,1,Surface Water,1.5,0.057,6.3,7.5,160,0.006,1.5,31.3,0.11,0.73,2.7,0
Tolo Harbour and Channel,TT1,22.4545,114.21195,11/19/2015,1,Middle Water,1.5,0.09,16,6.6,87,0.006,3,32,0.14,0.58,3.2,1.2
Tolo Harbour and Channel,TT1,22.4545,114.21195,11/19/2015,1,Bottom Water,1.3,0.084,12,3.3,110,0.008,2.7,32.5,0.16,0.58,4.7,1.4
Tolo Harbour and Channel,TT1,22.4545,114.21195,1/14/2016,1,Surface Water,3.1,0.084,8.1,8.9,87,0.004,1.6,30.3,0.1,0.51,3,3.7
Tolo Harbour and Channel,TT1,22.4545,114.21195,1/14/2016,1,Middle Water,5.2,0.18,12,10.1,75,0.005,1.4,30.6,0.19,0.89,3.1,3.8
Tolo Harbour and Channel,TT1,22.4545,114.21195,1/14/2016,1,Bottom Water,4.1,0.085,5.4,6.6,55,0.005,1.6,31.6,0.09,0.28,4.6,4
Tolo Harbour and Channel,TT1,22.4545,114.21195,3/18/2016,1,Surface Water,0.8,0.12,0.3,6,26,0.007,0.2,29.9,0.19,0.33,0.3,0.5
Tolo Harbour and Channel,TT1,22.4545,114.21195,3/18/2016,1,Middle Water,0.6,0.12,0,5.2,25,0.009,0,30,0.19,0.92,9,6.2
Tolo Harbour and Channel,TT1,22.4545,114.21195,3/18/2016,1,Bottom Water,0.8,0.13,1.6,5.9,34,0.006,26,30.1,0.19,0.92,19.1,5.1
Tolo Harbour and Channel,TT1,22.4545,114.21195,5/11/2016,1,Surface Water,1.9,0.15,8.4,6.9,3600,0.041,2,22,0.39,0.62,5.9,2.4
Tolo Harbour and Channel,TT1,22.4545,114.21195,5/11/2016,1,Middle Water,2,0.087,7,6.4,590,0.055,4.7,29.3,0.13,0.3,1.2,1.4
Tolo Harbour and Channel,TT1,22.4545,114.21195,5/11/2016,1,Bottom Water,1.5,0.12,4.5,5.2,440,0.003,2.4,30.5,0.15,0.22,1.7,1.2
Tolo Harbour and Channel,TT1,22.4545,114.21195,7/18/2016,1,Surface Water,1.8,0.022,9.3,6,15,0,2.4,30.3,0.03,0.95,1.7,2.4
Tolo Harbour and Channel,TT1,22.4545,114.21195,7/18/2016,1,Middle Water,2.3,0.013,13,6.1,110,0,5.4,31.6,0.02,0.97,2.1,2.5
Tolo Harbour and Channel,TT1,22.4545,114.21195,7/18/2016,1,Bottom Water,2.1,0.079,9.5,0.9,36,0.016,3.8,33.6,0.11,0.97,2.5,2.2
Tolo Harbour and Channel,TT1,22.4545,114.21195,9/29/2016,1,Surface Water,1.1,0.056,6.1,3.8,12,0.01,2.4,31.5,0.07,0.23,11.9,0.6
Tolo Harbour and Channel,TT1,22.4545,114.21195,9/29/2016,1,Middle Water,1.5,0.053,5.9,2.9,24,0.01,1.6,31.6,0.06,0.24,1.5,0
Tolo Harbour and Channel,TT1,22.4545,114.21195,9/29/2016,1,Bottom Water,1.5,0.11,6.9,2.7,19,0.023,1.8,31.9,0.12,0.38,2.3,0.7
Tolo Harbour and Channel,TT1,22.4545,114.21195,11/10/2016,1,Surface Water,0.7,0.088,2.8,4.5,67,0.003,2.7,29.9,0.14,0.59,5.4,0.8
Tolo Harbour and Channel,TT1,22.4545,114.21195,11/10/2016,1,Middle Water,0.9,0.092,3.3,5,18,0.003,0.6,30.3,0.14,0.45,0.8,0.9
Tolo Harbour and Channel,TT1,22.4545,114.21195,11/10/2016,1,Bottom Water,0.7,0.11,2.4,2.9,31,0.009,2.3,30.7,0.16,0.46,1.8,1
Tolo Harbour and Channel,TT1,22.4545,114.21195,1/18/2017,1,Surface Water,0.6,0.12,0.2,4.3,28,0.004,1.1,30.2,0.15,0.41,0.7,0
Tolo Harbour and Channel,TT1,22.4545,114.21195,1/18/2017,1,Middle Water,0.7,0.12,0.9,4.5,41,0.005,0.7,30.2,0.15,0.39,0.7,0
Tolo Harbour and Channel,TT1,22.4545,114.21195,1/18/2017,1,Bottom Water,0.7,0.12,1.1,4.6,57,0.009,0,30.2,0.15,0.36,0.9,0.6
Tolo Harbour and Channel,TT1,22.4545,114.21195,3/10/2017,1,Surface Water,1,0.053,2.4,6.4,37,0.002,0.6,30.3,0.08,0.2,2.4,0.5
Tolo Harbour and Channel,TT1,22.4545,114.21195,3/10/2017,1,Middle Water,0.8,0.073,1.2,6.8,21,0.006,1.2,30.5,0.1,0.33,2.4,0.7
Tolo Harbour and Channel,TT1,22.4545,114.21195,3/10/2017,1,Bottom Water,1,0.085,1.1,6.4,20,0.006,0.8,30.7,0.11,0.23,2.8,0.7
Tolo Harbour and Channel,TT1,22.4545,114.21195,5/19/2017,1,Surface Water,1.2,0.044,2.5,6.2,18,0,1,30.2,0.07,0.47,1.5,0.7
Tolo Harbour and Channel,TT1,22.4545,114.21195,5/19/2017,1,Middle Water,1.5,0.052,2.1,5.8,16,0,1.7,30.2,0.08,0.34,0.5,1
Tolo Harbour and Channel,TT1,22.4545,114.21195,5/19/2017,1,Bottom Water,1.3,0.075,2.1,6.7,21,0,1,31.2,0.1,0.35,0.5,0.7
Tolo Harbour and Channel,TT1,22.4545,114.21195,7/12/2017,1,Surface Water,2.2,0.04,8.8,9.2,34,0.003,2.4,27,0.04,0.25,1.3,2.6
Tolo Harbour and Channel,TT1,22.4545,114.21195,7/12/2017,1,Middle Water,2.1,0.024,11,9.6,58,0,3.7,29.2,0.03,0.28,1.9,2.6
Tolo Harbour and Channel,TT1,22.4545,114.21195,7/12/2017,1,Bottom Water,3,0.034,11,6.3,50,0.003,4.4,30.1,0.04,0.24,1.7,2.4
Tolo Harbour and Channel,TT1,22.4545,114.21195,9/20/2017,1,Surface Water,1.5,0.022,2.5,6.9,180,0.005,0.6,30,0.03,1.3,1.2,3.1
Tolo Harbour and Channel,TT1,22.4545,114.21195,9/20/2017,1,Middle Water,1.2,0.019,2.5,7,220,0.004,0.9,30.2,0.02,1.1,1.2,3
Tolo Harbour and Channel,TT1,22.4545,114.21195,9/20/2017,1,Bottom Water,1.5,0.021,3.4,6.8,100,0.005,0.6,30.4,0.03,0.78,1.4,3.2
Mirs Bay,MM16,22.4445,114.448667,5/11/2015,1,Surface Water,0.4,0.018,1.4,6.2,2,0.006,1.1,33.7,0.03,0.15,2.8,0.9
Mirs Bay,MM16,22.4445,114.448667,5/11/2015,1,Middle Water,0.4,0.018,2.1,6.4,0,0.004,0,33.7,0.02,0.15,2.6,1.2
Mirs Bay,MM16,22.4445,114.448667,5/11/2015,1,Bottom Water,0.2,0.027,1.8,6.3,0,0.005,0,33.8,0.03,0.14,2.5,0
Mirs Bay,MM16,22.4445,114.448667,6/19/2015,1,Surface Water,0.9,0.022,1.1,6.4,0,0.004,0,33.2,0.03,0.15,2.8,0.6
Mirs Bay,MM16,22.4445,114.448667,6/19/2015,1,Middle Water,1.2,0.011,3.2,5.8,0,0.006,0,34.4,0.02,0.14,2.4,0.9
Mirs Bay,MM16,22.4445,114.448667,6/19/2015,1,Bottom Water,0.5,0.013,2,4.1,0,0.01,0,34.5,0.08,0.15,5,2.7
Mirs Bay,MM16,22.4445,114.448667,7/13/2015,1,Surface Water,0.6,0.011,0.9,6.2,0,0.006,0,33.1,0.02,0.24,4.1,3.2
Mirs Bay,MM16,22.4445,114.448667,7/13/2015,1,Middle Water,0.7,0.016,1,6,0,0.007,0,33.5,0.02,0.14,2.1,2.3
Mirs Bay,MM16,22.4445,114.448667,7/13/2015,1,Bottom Water,0.6,0.027,0.8,3.3,0,0.008,0,34,0.04,0.22,3.7,0.5
Mirs Bay,MM16,22.4445,114.448667,8/13/2015,1,Surface Water,0.6,0.012,0.6,6.3,1,0.005,0,33.3,0.02,0.26,2.4,1.2
Mirs Bay,MM16,22.4445,114.448667,8/13/2015,1,Middle Water,0.5,0.018,2.3,4.6,0,0.009,0,34.3,0.04,0.27,2.2,0
Mirs Bay,MM16,22.4445,114.448667,8/13/2015,1,Bottom Water,1.4,0.016,1.8,2.3,1,0.021,0,34.4,0.13,0.35,5.2,0
Mirs Bay,MM16,22.4445,114.448667,9/7/2015,1,Surface Water,0.5,0.015,2.2,6.4,14,0.006,0.9,33.1,0.02,0.24,2.4,0
Mirs Bay,MM16,22.4445,114.448667,9/7/2015,1,Middle Water,0.5,0.034,1.2,3.5,1,0.015,1.5,34,0.04,0.27,2.1,0.8
Mirs Bay,MM16,22.4445,114.448667,9/7/2015,1,Bottom Water,0.4,0.039,1.2,2.3,1,0.024,0.3,34.4,0.12,0.37,6,0.7
Mirs Bay,MM16,22.4445,114.448667,10/8/2015,1,Surface Water,0.9,0.018,0.9,6.3,3,0.006,0,32.3,0.05,0.27,3.8,0.6
Mirs Bay,MM16,22.4445,114.448667,10/8/2015,1,Middle Water,0.7,0.012,1,5.9,1,0.011,0,32.9,0.06,0.29,4.6,0.8
Mirs Bay,MM16,22.4445,114.448667,10/8/2015,1,Bottom Water,0.7,0.013,0.6,5.5,1,0.008,0.5,33.2,0.06,0.36,6.4,1.7
Mirs Bay,MM16,22.4445,114.448667,11/9/2015,1,Surface Water,0.3,0.018,2.6,6.2,1,0.006,0,33.2,0.03,0.3,2.7,0.5
Mirs Bay,MM16,22.4445,114.448667,11/9/2015,1,Middle Water,0.5,0.017,0.8,6.6,0,0.008,0.8,33.2,0.03,0.28,3,0.6
Mirs Bay,MM16,22.4445,114.448667,11/9/2015,1,Bottom Water,0.4,0.023,1.2,5.7,0,0.01,0.3,33.3,0.07,0.4,7.2,1.1
Mirs Bay,MM16,22.4445,114.448667,12/7/2015,1,Surface Water,0,0.019,1.1,6.4,0,0.01,0,33.3,0.07,0.19,6.4,5
Mirs Bay,MM16,22.4445,114.448667,12/7/2015,1,Middle Water,0.1,0.02,1.1,6.5,0,0.009,0,33.3,0.07,0.14,6.9,3.6
Mirs Bay,MM16,22.4445,114.448667,12/7/2015,1,Bottom Water,0,0.021,1.5,6.5,0,0.01,0,33.3,0.07,0.17,7.8,4.2
Mirs Bay,MM16,22.4445,114.448667,1/28/2016,1,Surface Water,0.7,0.04,1.6,7.4,1,0.01,1,31.5,0.16,0.48,5.2,0.7
Mirs Bay,MM16,22.4445,114.448667,1/28/2016,1,Middle Water,0.6,0.04,1.6,7.7,0,0.01,0.8,31.6,0.15,0.63,5.4,0.8
Mirs Bay,MM16,22.4445,114.448667,1/28/2016,1,Bottom Water,0.5,0.037,1.4,7.8,0,0.01,0.5,31.6,0.15,0.35,6.1,0.7
Mirs Bay,MM16,22.4445,114.448667,2/18/2016,1,Surface Water,2.5,0.053,25,9.4,4,0.003,7.1,30.2,0.21,0.75,2.7,2.4
Mirs Bay,MM16,22.4445,114.448667,2/18/2016,1,Middle Water,0.7,0.041,0.6,8.6,0,0.009,0.4,30.8,0.22,0.94,2.1,0.6
Mirs Bay,MM16,22.4445,114.448667,2/18/2016,1,Bottom Water,0.9,0.037,0.6,8.5,2,0.004,0.3,31.3,0.12,0.62,2.4,0
Mirs Bay,MM16,22.4445,114.448667,3/3/2016,1,Surface Water,0.9,0.027,1.3,10.1,0,0.004,0,31.1,0.05,0.3,2.6,0.6
Mirs Bay,MM16,22.4445,114.448667,3/3/2016,1,Middle Water,0.9,0.038,1.1,8.8,0,0.005,0,31.3,0.09,0.6,2.7,0.6
Mirs Bay,MM16,22.4445,114.448667,3/3/2016,1,Bottom Water,0.6,0.043,0.5,8.4,0,0.004,0.3,31.4,0.09,0.37,3.1,0
Mirs Bay,MM16,22.4445,114.448667,4/18/2016,1,Surface Water,4.6,0.064,21,7.8,2,0.003,4.9,31.4,0.07,0.49,0.5,2.7
Mirs Bay,MM16,22.4445,114.448667,4/18/2016,1,Middle Water,1,0.05,0.2,6.8,1,0.003,0,31.9,0.07,0.36,0.2,0
Mirs Bay,MM16,22.4445,114.448667,4/18/2016,1,Bottom Water,0.5,0.058,0.5,4.9,0,0.006,0,32.3,0.07,0.27,0.2,0
Mirs Bay,MM16,22.4445,114.448667,5/23/2016,1,Surface Water,0.8,0.096,1.2,6,28,0.004,0.2,29.8,0.14,0.71,0.5,0.8
Mirs Bay,MM16,22.4445,114.448667,5/23/2016,1,Middle Water,0.4,0.035,0.6,5.3,0,0.003,0.2,32.3,0.05,0.45,0.5,0
Mirs Bay,MM16,22.4445,114.448667,5/23/2016,1,Bottom Water,0.2,0.039,0.6,5.2,0,0.005,0,33.1,0.05,0.22,2.5,0.6
Mirs Bay,MM16,22.4445,114.448667,6/16/2016,1,Surface Water,0.7,0.025,1.3,6,0,0,0,31.7,0.03,0.66,0.4,0.6
Mirs Bay,MM16,22.4445,114.448667,6/16/2016,1,Middle Water,1,0.013,2.3,6,0,0.009,0,34.3,0.08,0.61,0.7,2.1
Mirs Bay,MM16,22.4445,114.448667,6/16/2016,1,Bottom Water,0.8,0.012,1.4,3.7,0,0.011,0,34.6,0.08,0.74,2.3,2.4
Mirs Bay,MM16,22.4445,114.448667,7/15/2016,1,Surface Water,1.3,0.012,2,6.1,0,0,0,29.8,0.02,0.67,50.5,1.2
Mirs Bay,MM16,22.4445,114.448667,7/15/2016,1,Middle Water,0.5,0.016,1,5,0,0.012,0,32.1,0.13,1.11,0.7,1.5
Mirs Bay,MM16,22.4445,114.448667,7/15/2016,1,Bottom Water,0.4,0.014,0.9,4.4,0,0.02,0,34.5,0.18,0.81,4.1,0.5
Mirs Bay,MM16,22.4445,114.448667,8/10/2016,1,Surface Water,0,0.022,1.5,6,0,0,0.3,33.1,0.03,0.45,2.3,1.2
Mirs Bay,MM16,22.4445,114.448667,8/10/2016,1,Middle Water,0,0.016,1.1,4.7,1,0.008,0.9,34.1,0.05,0.62,3.2,1.3
Mirs Bay,MM16,22.4445,114.448667,8/10/2016,1,Bottom Water,0,0.014,0.5,3.7,0,0.016,0.5,34.2,0.09,0.56,6.9,2.9
Mirs Bay,MM16,22.4445,114.448667,9/9/2016,1,Surface Water,0.6,0.006,1.1,6.1,0,0,0,31.8,0.01,0.49,2.5,0
Mirs Bay,MM16,22.4445,114.448667,9/9/2016,1,Middle Water,0.6,0.018,2.5,5.7,0,0.002,1.3,32.3,0.02,0.5,2.1,0.7
Mirs Bay,MM16,22.4445,114.448667,9/9/2016,1,Bottom Water,0.5,0,1.4,0.9,1,0.032,0.5,33.7,0.16,0.53,3.6,1
Mirs Bay,MM16,22.4445,114.448667,10/24/2016,1,Surface Water,0.8,0.013,2.9,6.2,0,0.016,1.2,31.3,0.16,0.36,3.8,0.9
Mirs Bay,MM16,22.4445,114.448667,10/24/2016,1,Middle Water,0.5,0,0.9,5.9,0,0.024,0,31.5,0.19,0.36,4.1,0.7
Mirs Bay,MM16,22.4445,114.448667,10/24/2016,1,Bottom Water,0.5,0.005,0.6,5.7,1,0.022,0,31.7,0.17,0.46,5.1,1
Mirs Bay,MM16,22.4445,114.448667,11/24/2016,1,Surface Water,0.5,0.034,2.1,5.8,0,0.008,0,30.7,0.08,0.23,5.8,1.8
Mirs Bay,MM16,22.4445,114.448667,11/24/2016,1,Middle Water,0.5,0.042,1.4,6.3,0,0.01,1.4,31.3,0.09,0.28,6.2,1.8
Mirs Bay,MM16,22.4445,114.448667,11/24/2016,1,Bottom Water,0.4,0.03,1,6.4,1,0.009,1.3,31.3,0.08,0.33,7.1,2.6
Mirs Bay,MM16,22.4445,114.448667,12/5/2016,1,Surface Water,0.5,0,1.9,6.8,0,0.013,1.9,30.9,0.14,0.77,3.2,0.6
Mirs Bay,MM16,22.4445,114.448667,12/5/2016,1,Middle Water,0.2,0.013,1.6,6.9,0,0.013,0,31,0.15,0.39,3.6,0.8
Mirs Bay,MM16,22.4445,114.448667,12/5/2016,1,Bottom Water,0.3,0.01,0.7,6.6,0,0.013,0.3,31.1,0.13,0.32,4.5,0.6
Mirs Bay,MM16,22.4445,114.448667,1/13/2017,1,Surface Water,0.5,0.047,0.3,7.4,0,0.005,1.8,30.8,0.07,0.3,2.9,1.3
Mirs Bay,MM16,22.4445,114.448667,1/13/2017,1,Middle Water,0.4,0.051,0.6,7.4,1,0.003,0,30.8,0.06,0.32,2.9,1.2
Mirs Bay,MM16,22.4445,114.448667,1/13/2017,1,Bottom Water,0.5,0.051,0.5,7.4,0,0.007,0,30.8,0.07,0.82,2.9,1.4
Mirs Bay,MM16,22.4445,114.448667,2/17/2017,1,Surface Water,0.2,0.009,1.1,7.8,0,0.012,0.8,31.1,0.14,0.5,8.6,0
Mirs Bay,MM16,22.4445,114.448667,2/17/2017,1,Middle Water,0.3,0.009,2.6,8.3,0,0.016,1.1,31.1,0.19,0.41,2.5,0.5
Mirs Bay,MM16,22.4445,114.448667,2/17/2017,1,Bottom Water,0,0.011,1.9,8,0,0.016,0,31.6,0.19,0.58,4.2,0.7
Mirs Bay,MM16,22.4445,114.448667,3/20/2017,1,Surface Water,1.6,0.029,3.3,7.7,0,0.004,0,31.6,0.07,0.37,2.6,2.4
Mirs Bay,MM16,22.4445,114.448667,3/20/2017,1,Middle Water,0.9,0.041,1.6,7.7,0,0.006,0,31.9,0.09,0.4,2.4,2
Mirs Bay,MM16,22.4445,114.448667,3/20/2017,1,Bottom Water,0.7,0.039,1.3,7.4,0,0.012,0.2,32.7,0.09,0.5,3.3,1.8
Mirs Bay,MM16,22.4445,114.448667,4/19/2017,1,Surface Water,1.4,0.014,1.1,9.6,0,0.003,0.8,32.7,0.02,0.44,2.2,2.1
Mirs Bay,MM16,22.4445,114.448667,4/19/2017,1,Middle Water,0.4,0.015,0.3,7.8,0,0.003,0.3,34,0.02,0.68,2.1,0.8
Mirs Bay,MM16,22.4445,114.448667,4/19/2017,1,Bottom Water,0.6,0.019,1,5.4,0,0.003,0,34.4,0.02,0.32,4.4,1.4
Mirs Bay,MM16,22.4445,114.448667,5/22/2017,1,Surface Water,0.9,0.02,1.2,4.8,2,0,0.3,32.8,0.03,0.3,2.1,0.9
Mirs Bay,MM16,22.4445,114.448667,5/22/2017,1,Middle Water,0.9,0.029,1.2,6.4,1,0,0.7,32.8,0.04,0.22,0.2,0.6
Mirs Bay,MM16,22.4445,114.448667,5/22/2017,1,Bottom Water,0.9,0.019,1.5,6.5,0,0,0.4,32.8,0.03,0.26,0.2,0.6
Mirs Bay,MM16,22.4445,114.448667,6/9/2017,1,Surface Water,0.7,0.017,0.3,6.6,0,0,0,31.9,0.04,0.19,0.1,1.1
Mirs Bay,MM16,22.4445,114.448667,6/9/2017,1,Middle Water,0.6,0.025,0.4,5.9,0,0.002,0,32.6,0.03,0.14,0.1,0
Mirs Bay,MM16,22.4445,114.448667,6/9/2017,1,Bottom Water,0.7,0.021,1.1,4.5,0,0.002,0.7,33.7,0.03,0.14,1.3,1
Mirs Bay,MM16,22.4445,114.448667,7/24/2017,1,Surface Water,0.9,0.022,1.5,6.3,4,0.004,0.8,25.8,0.1,0.22,0.7,3.1
Mirs Bay,MM16,22.4445,114.448667,7/24/2017,1,Middle Water,0.8,0.031,1.8,5.7,35,0.004,0.9,28.6,0.08,0.21,0.6,1.8
Mirs Bay,MM16,22.4445,114.448667,7/24/2017,1,Bottom Water,0.5,0.03,0.7,2.4,1,0.004,0.5,32.6,0.09,0.2,0.9,0.7
Mirs Bay,MM16,22.4445,114.448667,8/21/2017,1,Surface Water,1,0.01,1,4.8,0,0.005,0,33.2,0.01,0.37,0.3,0
Mirs Bay,MM16,22.4445,114.448667,8/21/2017,1,Middle Water,1.5,0.017,2.9,4.7,0,0.009,0.7,34.5,0.03,0.45,1,1.2
Mirs Bay,MM16,22.4445,114.448667,8/21/2017,1,Bottom Water,0.6,0,1.4,4.1,0,0.012,0.3,34.5,0.05,0.47,2.8,0.9
Mirs Bay,MM16,22.4445,114.448667,9/18/2017,1,Surface Water,1.8,0.005,1.7,6.5,0,0.005,0.8,30.4,0.01,1.1,6.3,2.7
Mirs Bay,MM16,22.4445,114.448667,9/18/2017,1,Middle Water,1.8,0.014,2.2,7,2,0.005,1.3,31.5,0.02,0.78,0.5,2.2
Mirs Bay,MM16,22.4445,114.448667,9/18/2017,1,Bottom Water,1.3,0.006,1.7,2.5,0,0.014,0.4,33.1,0.09,1.19,2.9,1.8
Mirs Bay,MM16,22.4445,114.448667,10/20/2017,1,Surface Water,1.2,0.015,1.6,6,0,0.007,0.5,31.6,0.06,0.43,2.3,2.2
Mirs Bay,MM16,22.4445,114.448667,10/20/2017,1,Middle Water,0.9,0.016,1,6.1,0,0.007,0.9,31.7,0.06,0.64,2.1,1.7
Mirs Bay,MM16,22.4445,114.448667,10/20/2017,1,Bottom Water,0.8,0.015,1.3,5.8,0,0.006,0.6,32.5,0.06,0.39,3.7,1.6
Mirs Bay,MM17,22.5032,114.349333,5/22/2015,1,Surface Water,0.4,0.051,2.5,5.9,6,0.003,1.1,31.2,0.07,0.27,3,0.6
Mirs Bay,MM17,22.5032,114.349333,5/22/2015,1,Middle Water,0.5,0.071,1.7,4.9,0,0.007,0,32.8,0.11,0.24,3,0.6
Mirs Bay,MM17,22.5032,114.349333,5/22/2015,1,Bottom Water,0.2,0.058,1.5,4.1,0,0.007,0,33.7,0.12,0.28,3.1,0.6
Mirs Bay,MM17,22.5032,114.349333,6/24/2015,1,Surface Water,1.5,0.021,4,6.9,31,0.003,2.5,27,0.19,0.41,7.7,0
Mirs Bay,MM17,22.5032,114.349333,6/24/2015,1,Middle Water,1.3,0.034,4.3,6.3,6,0.002,3.4,29.7,0.18,0.36,7.2,0
Mirs Bay,MM17,22.5032,114.349333,6/24/2015,1,Bottom Water,0.9,0.054,2.8,2.6,20,0.005,2.4,34.2,0.13,0.42,4.7,0.8
Mirs Bay,MM17,22.5032,114.349333,7/27/2015,1,Surface Water,0.4,0.018,2.4,6,0,0.004,1.5,31.7,0.02,0.24,6.2,1.1
Mirs Bay,MM17,22.5032,114.349333,7/27/2015,1,Middle Water,0,0.015,0.8,3.8,2,0.016,0.3,33.1,0.12,0.24,2.5,0.7
Mirs Bay,MM17,22.5032,114.349333,7/27/2015,1,Bottom Water,0,0.012,0.5,3.2,0,0.017,0.4,34.3,0.11,0.25,2.9,0.6
Mirs Bay,MM17,22.5032,114.349333,8/20/2015,1,Surface Water,1.8,0.021,3.2,7.2,1,0.005,1.2,33,0.03,0.24,2.7,0.7
Mirs Bay,MM17,22.5032,114.349333,8/20/2015,1,Middle Water,0.7,0.023,2.3,3.9,0,0.011,1.8,34.1,0.03,0.28,2.5,0
Mirs Bay,MM17,22.5032,114.349333,8/20/2015,1,Bottom Water,0.4,0.033,2.8,1.6,1,0.037,2.3,34.4,0.16,0.22,4,1.4
Mirs Bay,MM17,22.5032,114.349333,9/24/2015,1,Surface Water,1.5,0.018,0.9,6.2,1,0.004,0.9,33.3,0.02,0.47,0.6,2.7
Mirs Bay,MM17,22.5032,114.349333,9/24/2015,1,Middle Water,0.7,0.02,1.3,6.4,0,0.004,0.6,33.3,0.02,0.33,0.6,2.6
Mirs Bay,MM17,22.5032,114.349333,9/24/2015,1,Bottom Water,0.5,0.029,1.4,5.5,0,0.005,0,33.4,0.03,0.37,0.7,0.7
Mirs Bay,MM17,22.5032,114.349333,10/26/2015,1,Surface Water,0.9,0.031,1.6,4.3,0,0.005,0.8,32.9,0.04,0.31,2.5,0.9
Mirs Bay,MM17,22.5032,114.349333,10/26/2015,1,Middle Water,0.6,0.03,1.8,6.1,0,0.006,0.6,32.9,0.04,0.33,2.5,0.7
Mirs Bay,MM17,22.5032,114.349333,10/26/2015,1,Bottom Water,0.4,0.038,1.8,5.8,0,0.007,0.3,33,0.05,0.4,2.5,0.8
Mirs Bay,MM17,22.5032,114.349333,11/23/2015,1,Surface Water,0.7,0.024,2.1,6.4,0,0.008,0.4,33.1,0.05,0.28,0.6,0
Mirs Bay,MM17,22.5032,114.349333,11/23/2015,1,Middle Water,0.9,0.024,2.4,6.4,11,0.008,0,33.1,0.05,0.25,0.7,0
Mirs Bay,MM17,22.5032,114.349333,11/23/2015,1,Bottom Water,0.7,0.032,3.1,6.3,10,0.008,0,33.1,0.07,0.59,1.1,0.6
Mirs Bay,MM17,22.5032,114.349333,12/16/2015,1,Surface Water,0.1,0.022,1.4,5.6,0,0.009,0.9,33.3,0.08,0.38,4.6,0.8
Mirs Bay,MM17,22.5032,114.349333,12/16/2015,1,Middle Water,0,0.021,1.1,6.7,0,0.008,1.1,33.2,0.08,0.49,5.9,2.2
Mirs Bay,MM17,22.5032,114.349333,12/16/2015,1,Bottom Water,0.6,0.021,2,6.9,0,0.009,0.2,33.2,0.08,0.74,5.7,0.8
Mirs Bay,MM17,22.5032,114.349333,1/15/2016,1,Surface Water,1.8,0.04,1.4,7.6,2,0.007,0.4,31.9,0.11,0.57,0.6,2.4
Mirs Bay,MM17,22.5032,114.349333,1/15/2016,1,Middle Water,1.5,0.037,2.5,7.7,0,0.005,0.5,31.9,0.07,0.69,0.6,1.5
Mirs Bay,MM17,22.5032,114.349333,1/15/2016,1,Bottom Water,1.2,0.039,2.6,7.7,0,0.005,0.7,31.9,0.1,0.53,0.6,1.8
Mirs Bay,MM17,22.5032,114.349333,2/26/2016,1,Surface Water,2.2,0.076,4.9,8.6,0,0.006,4.6,30.8,0.16,0.54,0.7,0.6
Mirs Bay,MM17,22.5032,114.349333,2/26/2016,1,Middle Water,2.3,0.06,6.2,8.6,1,0.006,1.8,30.8,0.14,0.58,0.5,0
Mirs Bay,MM17,22.5032,114.349333,2/26/2016,1,Bottom Water,1.4,0.06,2.9,8.6,0,0.006,1.1,30.8,0.14,0.55,0.6,0
Mirs Bay,MM17,22.5032,114.349333,3/17/2016,1,Surface Water,1.7,0.059,5.4,6.6,0,0.005,3.1,31.4,0.07,0.27,0.8,0.9
Mirs Bay,MM17,22.5032,114.349333,3/17/2016,1,Middle Water,0.6,0.049,2.3,6.1,1,0.005,1.7,31.4,0.06,0.27,0.7,0.5
Mirs Bay,MM17,22.5032,114.349333,3/17/2016,1,Bottom Water,0.6,0.047,0,7.2,0,0.005,0,31.3,0.07,0.26,0.9,0.6
Mirs Bay,MM17,22.5032,114.349333,4/15/2016,1,Surface Water,2.7,0.11,5.4,7,16,0.002,3.4,30.8,0.13,0.49,0.4,1.8
Mirs Bay,MM17,22.5032,114.349333,4/15/2016,1,Middle Water,1.1,0.06,0.3,6.8,72,0.003,0,31.3,0.07,0.33,0.2,0
Mirs Bay,MM17,22.5032,114.349333,4/15/2016,1,Bottom Water,0.9,0.063,0.6,4.6,88,0.004,0,32.2,0.07,0.65,0.2,0
Mirs Bay,MM17,22.5032,114.349333,5/18/2016,1,Surface Water,1,0.045,0.5,6,2,0.002,0,31.3,0.05,0.27,1.3,0.6
Mirs Bay,MM17,22.5032,114.349333,5/18/2016,1,Middle Water,1.1,0.037,1.2,5.3,0,0,0,31.6,0.04,0.9,0.4,0.9
Mirs Bay,MM17,22.5032,114.349333,5/18/2016,1,Bottom Water,0.9,0.05,1.6,5.7,0,0,0,32.1,0.06,0.61,0.4,0.7
Mirs Bay,MM17,22.5032,114.349333,6/15/2016,1,Surface Water,0.8,0.022,1.7,6.4,2,0,0,31.3,0.03,0.41,0.9,1.4
Mirs Bay,MM17,22.5032,114.349333,6/15/2016,1,Middle Water,0.7,0.018,3.4,4.5,5,0,0.5,31.3,0.02,0.54,0.9,1.6
Mirs Bay,MM17,22.5032,114.349333,6/15/2016,1,Bottom Water,0.3,0.015,2.6,4.7,1,0.012,0.4,31.9,0.1,0.6,2.5,2.2
Mirs Bay,MM17,22.5032,114.349333,7/11/2016,1,Surface Water,1.7,0.018,5.3,6.2,5,0.003,0.9,27.6,0.02,0.15,1.1,2.1
Mirs Bay,MM17,22.5032,114.349333,7/11/2016,1,Middle Water,0.5,0.043,1,6,1,0.007,0.3,31.6,0.1,0.92,0.4,0.6
Mirs Bay,MM17,22.5032,114.349333,7/11/2016,1,Bottom Water,0.7,0.012,0.8,2.4,1,0.023,0,34.6,0.16,0.73,1.1,0.8
Mirs Bay,MM17,22.5032,114.349333,8/15/2016,1,Surface Water,1.4,0.018,1.9,6.2,3,0,1.2,33,0.02,0.63,2.5,1.7
Mirs Bay,MM17,22.5032,114.349333,8/15/2016,1,Middle Water,1.7,0.03,4.7,5.4,1,0.005,2.7,33.6,0.04,0.69,2.6,3.8
Mirs Bay,MM17,22.5032,114.349333,8/15/2016,1,Bottom Water,0.9,0.059,0.7,1.3,0,0.035,0.6,34.1,0.12,0.83,3.1,2.6
Mirs Bay,MM17,22.5032,114.349333,9/14/2016,1,Surface Water,0.9,0.013,1.4,6.6,0,0,1.1,31.6,0.02,0.41,4.7,1.2
Mirs Bay,MM17,22.5032,114.349333,9/14/2016,1,Middle Water,0.6,0.014,2.4,6,0,0,1.4,32.1,0.02,0.75,0.7,1.4
Mirs Bay,MM17,22.5032,114.349333,9/14/2016,1,Bottom Water,1.5,0.017,5.6,2.3,0,0.018,2.4,33.1,0.11,0.75,0.9,4.6
Mirs Bay,MM17,22.5032,114.349333,10/26/2016,1,Surface Water,0.3,0.025,1.2,6,0,0.006,0.9,30.8,0.03,0.21,2.1,0
Mirs Bay,MM17,22.5032,114.349333,10/26/2016,1,Middle Water,0.2,0.018,1.7,5.9,0,0.007,0.9,31.1,0.03,0.23,2.2,0.8
Mirs Bay,MM17,22.5032,114.349333,10/26/2016,1,Bottom Water,0.5,0.005,1.7,5.1,1,0.017,1.5,31.9,0.13,0.68,4.2,0.8
Mirs Bay,MM17,22.5032,114.349333,11/9/2016,1,Surface Water,0.9,0.056,1.4,6,0,0.002,0.3,31.3,0.08,0.27,12.9,2
Mirs Bay,MM17,22.5032,114.349333,11/9/2016,1,Middle Water,0.4,0.033,2.9,6.1,1,0.002,0.8,31.3,0.06,0.32,1.6,1.5
Mirs Bay,MM17,22.5032,114.349333,11/9/2016,1,Bottom Water,0.2,0.036,1.5,6.2,0,0.002,0.7,31.3,0.05,0.38,2,2.3
Mirs Bay,MM17,22.5032,114.349333,12/8/2016,1,Surface Water,0.3,0.015,1.6,7,0,0.01,1,31.1,0.12,0.42,2.9,0.8
Mirs Bay,MM17,22.5032,114.349333,12/8/2016,1,Middle Water,0.4,0.02,2.1,7.1,0,0.011,0.9,31.1,0.12,0.39,2.7,1.1
Mirs Bay,MM17,22.5032,114.349333,12/8/2016,1,Bottom Water,0.3,0.02,1.7,7.1,0,0.008,1.4,31.1,0.11,0.51,3.9,1.1
Mirs Bay,MM17,22.5032,114.349333,1/19/2017,1,Surface Water,0.6,0.059,0.3,6,0,0.002,0,30.7,0.07,0.4,1.8,0
Mirs Bay,MM17,22.5032,114.349333,1/19/2017,1,Middle Water,0.4,0.066,0.2,7.1,0,0.003,1.6,30.8,0.08,0.34,0.8,0
Mirs Bay,MM17,22.5032,114.349333,1/19/2017,1,Bottom Water,0.4,0.07,0,6.9,1,0.004,0.4,30.8,0.08,0.28,1.6,0.5
Mirs Bay,MM17,22.5032,114.349333,2/8/2017,1,Surface Water,1.1,0.048,2.1,7,0,0.004,1.4,30.9,0.09,1.24,1.4,2
Mirs Bay,MM17,22.5032,114.349333,2/8/2017,1,Middle Water,1,0.048,1.5,7.4,0,0.004,0.5,30.9,0.09,0.59,0.3,0.9
Mirs Bay,MM17,22.5032,114.349333,2/8/2017,1,Bottom Water,0.3,0.038,0.5,7.2,0,0.007,0,31,0.1,0.39,1.6,1.6
Mirs Bay,MM17,22.5032,114.349333,3/16/2017,1,Surface Water,1,0.062,1.7,7.2,0,0.007,0.6,31.6,0.11,0.49,2.2,1.9
Mirs Bay,MM17,22.5032,114.349333,3/16/2017,1,Middle Water,0.8,0.077,1.7,6.8,0,0.009,0,31.8,0.12,0.65,0.7,1.3
Mirs Bay,MM17,22.5032,114.349333,3/16/2017,1,Bottom Water,0.8,0.074,0.6,6.5,0,0.009,0.2,31.9,0.13,0.42,2,1.4
Mirs Bay,MM17,22.5032,114.349333,4/24/2017,1,Surface Water,1.2,0.023,0.9,7,0,0.003,0.6,32.6,0.03,0.52,5.9,1.2
Mirs Bay,MM17,22.5032,114.349333,4/24/2017,1,Middle Water,1.7,0.02,6.6,6.8,0,0.004,0.7,32.9,0.02,0.37,0.3,2.7
Mirs Bay,MM17,22.5032,114.349333,4/24/2017,1,Bottom Water,1.1,0.022,5,4.6,0,0.003,0.8,34.1,0.03,0.34,0.6,2
Mirs Bay,MM17,22.5032,114.349333,5/26/2017,1,Surface Water,1.1,0.045,1.3,5.9,0,0.004,0.3,32.2,0.06,0.49,1.7,1.5
Mirs Bay,MM17,22.5032,114.349333,5/26/2017,1,Middle Water,1.3,0.04,1.7,6.6,1,0.003,0,32.4,0.05,0.3,0.2,1.3
Mirs Bay,MM17,22.5032,114.349333,5/26/2017,1,Bottom Water,0.8,0.075,1.1,5.9,3,0,0.7,32.6,0.1,0.39,0.3,1.5
Mirs Bay,MM17,22.5032,114.349333,6/15/2017,1,Surface Water,1,0.023,1.5,6.6,36,0.002,0.6,29.7,0.06,0.2,0.7,0
Mirs Bay,MM17,22.5032,114.349333,6/15/2017,1,Middle Water,0.5,0.04,1,5.8,65,0.003,0,31.8,0.05,0.6,0.3,0
Mirs Bay,MM17,22.5032,114.349333,6/15/2017,1,Bottom Water,0.5,0.036,0.7,3.9,31,0.004,0.5,32.6,0.05,0.35,1.6,0
Mirs Bay,MM17,22.5032,114.349333,7/14/2017,1,Surface Water,2,0.012,7.8,7.7,2,0.002,1.4,26.5,0.11,0.25,0.6,1.3
Mirs Bay,MM17,22.5032,114.349333,7/14/2017,1,Middle Water,1.7,0.04,2.2,6.5,13,0.003,1,30.3,0.11,0.25,0.5,1
Mirs Bay,MM17,22.5032,114.349333,7/14/2017,1,Bottom Water,1.3,0.048,2.5,1.3,3,0.014,0.8,34.1,0.14,0.36,1.1,0.9
Mirs Bay,MM17,22.5032,114.349333,8/25/2017,1,Surface Water,1.3,0.021,4.8,5.4,0,0.012,0.9,33.4,0.03,0.35,0.8,2.2
Mirs Bay,MM17,22.5032,114.349333,8/25/2017,1,Middle Water,0.5,0.032,1.7,3.7,5,0.016,0,33.9,0.04,0.39,0.8,1.4
Mirs Bay,MM17,22.5032,114.349333,8/25/2017,1,Bottom Water,0.4,0.031,0.9,3.5,6,0.015,0.5,34.2,0.05,0.28,1.3,1.7
Mirs Bay,MM17,22.5032,114.349333,9/21/2017,1,Surface Water,1.5,0.011,0.9,6.8,14,0.005,0.6,30.6,0.02,0.67,1.9,2.4
Mirs Bay,MM17,22.5032,114.349333,9/21/2017,1,Middle Water,1.3,0.011,1.5,6.9,1,0.004,1.2,31,0.02,0.98,0.6,2
Mirs Bay,MM17,22.5032,114.349333,9/21/2017,1,Bottom Water,1.2,0.014,1,4.5,2,0.006,0.9,31.7,0.04,1.02,0.8,1.8
Mirs Bay,MM17,22.5032,114.349333,10/25/2017,1,Surface Water,1.7,0.034,4.6,6.9,1,0.004,0.6,31.7,0.04,0.52,3.7,0.9
Mirs Bay,MM17,22.5032,114.349333,10/25/2017,1,Middle Water,1.3,0.021,3.6,6.1,0,0.006,1.8,32.3,0.05,0.56,0.4,0.9
Mirs Bay,MM17,22.5032,114.349333,10/25/2017,1,Bottom Water,1.3,0.015,2.3,6.4,0,0.008,1.2,32.6,0.06,0.41,0.6,0.6
Mirs Bay,MM4,22.563617,114.35805,5/22/2015,1,Surface Water,0.6,0.053,1.5,5.6,4,0.005,0.6,32.4,0.08,0.24,2.7,0.5
Mirs Bay,MM4,22.563617,114.35805,5/22/2015,1,Middle Water,0.5,0.065,1.4,4.6,2,0.007,0.9,33.3,0.11,0.25,3.1,0
Mirs Bay,MM4,22.563617,114.35805,5/22/2015,1,Bottom Water,0.2,0.048,0.8,3.6,0,0.01,0,34.1,0.14,0.29,6.7,1
Mirs Bay,MM4,22.563617,114.35805,6/24/2015,1,Surface Water,1.3,0.025,4.4,6.6,45,0.003,2,26.2,0.21,0.39,8.1,0
Mirs Bay,MM4,22.563617,114.35805,6/24/2015,1,Middle Water,1,0.023,4.8,6,6,0.002,1.7,30.2,0.17,0.4,5.3,0
Mirs Bay,MM4,22.563617,114.35805,6/24/2015,1,Bottom Water,0.6,0.022,3.6,3.1,0,0.002,2.1,34.3,0.18,0.4,11.7,0
Mirs Bay,MM4,22.563617,114.35805,7/27/2015,1,Surface Water,2.5,0.014,1.4,6.6,1,0.004,1.1,31.9,0.02,0.33,2.7,0.8
Mirs Bay,MM4,22.563617,114.35805,7/27/2015,1,Middle Water,0.6,0.014,1,2.7,4,0.016,0.9,33.6,0.12,0.26,4.4,1.1
Mirs Bay,MM4,22.563617,114.35805,7/27/2015,1,Bottom Water,0,0.022,1.4,3.1,4,0.017,0,34.4,0.12,0.33,9.5,1.2
Mirs Bay,MM4,22.563617,114.35805,8/20/2015,1,Surface Water,0.9,0.021,3.3,6,1,0.005,0,33.2,0.03,0.23,2.9,1.3
Mirs Bay,MM4,22.563617,114.35805,8/20/2015,1,Middle Water,0.4,0.02,3.3,3.3,0,0.014,1.1,34.2,0.06,0.16,3,1
Mirs Bay,MM4,22.563617,114.35805,8/20/2015,1,Bottom Water,0.4,0.017,1.3,1.9,0,0.025,1,34.4,0.12,0.22,5.1,0.5
Mirs Bay,MM4,22.563617,114.35805,9/24/2015,1,Surface Water,0.4,0.028,0.8,6.4,0,0.004,0,33.1,0.03,0.46,0.5,0.6
Mirs Bay,MM4,22.563617,114.35805,9/24/2015,1,Middle Water,0.4,0.02,1.2,6,0,0.005,0.4,33.3,0.02,0.4,1.2,1.8
Mirs Bay,MM4,22.563617,114.35805,9/24/2015,1,Bottom Water,1.2,0.023,3.3,4.7,0,0.005,1.7,33.3,0.03,0.33,3.2,2.1
Mirs Bay,MM4,22.563617,114.35805,10/26/2015,1,Surface Water,0.6,0.029,1.7,6.3,1,0.005,0,33,0.03,0.29,3.3,1
Mirs Bay,MM4,22.563617,114.35805,10/26/2015,1,Middle Water,0.6,0.032,1.2,6.4,3,0.006,0.3,33,0.04,0.41,3.6,1
Mirs Bay,MM4,22.563617,114.35805,10/26/2015,1,Bottom Water,0.4,0.044,1.9,6.1,2,0.007,1.1,33,0.05,0.69,7.9,2
Mirs Bay,MM4,22.563617,114.35805,11/23/2015,1,Surface Water,0.5,0.027,1.1,6,0,0.008,0,33.2,0.06,0.33,0.7,0.6
Mirs Bay,MM4,22.563617,114.35805,11/23/2015,1,Middle Water,0.7,0.024,1,6.1,0,0.008,0.2,33.2,0.06,0.3,0.9,0
Mirs Bay,MM4,22.563617,114.35805,11/23/2015,1,Bottom Water,0.7,0.028,1.6,5.4,0,0.009,0.6,33.2,0.09,0.33,6.9,1.4
Mirs Bay,MM4,22.563617,114.35805,12/16/2015,1,Surface Water,0.4,0.027,2.3,5.5,1,0.009,0,33,0.08,0.46,1.7,1
Mirs Bay,MM4,22.563617,114.35805,12/16/2015,1,Middle Water,0.3,0.022,2.1,6.9,0,0.008,0.4,33.2,0.07,0.43,1.9,0
Mirs Bay,MM4,22.563617,114.35805,12/16/2015,1,Bottom Water,0.3,0.023,2.2,7,0,0.008,0,33.2,0.08,0.72,2.1,0.7
Mirs Bay,MM4,22.563617,114.35805,1/15/2016,1,Surface Water,1,0.037,3.4,7.8,0,0.005,0.4,31.8,0.1,0.59,0.4,2.6
Mirs Bay,MM4,22.563617,114.35805,1/15/2016,1,Middle Water,1,0.035,1.8,7.8,0,0.005,0.7,31.8,0.08,0.65,0.4,2
Mirs Bay,MM4,22.563617,114.35805,1/15/2016,1,Bottom Water,0.9,0.034,1.5,7.8,0,0.005,0.8,31.9,0.1,0.49,0.8,2.2
Mirs Bay,MM4,22.563617,114.35805,2/26/2016,1,Surface Water,0.5,0.052,3,8.5,0,0.005,1,31,0.14,0.41,0.5,0
Mirs Bay,MM4,22.563617,114.35805,2/26/2016,1,Middle Water,0.7,0.043,1.8,8.5,0,0.006,0,31,0.13,0.33,0.5,0.6
Mirs Bay,MM4,22.563617,114.35805,2/26/2016,1,Bottom Water,0.9,0.055,1.1,7.9,0,0.007,0,31.9,0.15,0.54,2.4,0.5
Mirs Bay,MM4,22.563617,114.35805,3/17/2016,1,Surface Water,3.1,0.057,11,7.9,0,0.007,5.5,31.6,0.06,0.41,2.7,1.5
Mirs Bay,MM4,22.563617,114.35805,3/17/2016,1,Middle Water,0.7,0.041,1,7.4,0,0.006,0.6,31.6,0.06,0.25,0.9,0
Mirs Bay,MM4,22.563617,114.35805,3/17/2016,1,Bottom Water,0.6,0.057,0,7.1,0,0.006,1.6,31.9,0.1,0.43,2.8,0.9
Mirs Bay,MM4,22.563617,114.35805,4/15/2016,1,Surface Water,4.2,0.12,19,7.8,51,0,7,30.4,0.15,0.74,0.6,2.2
Mirs Bay,MM4,22.563617,114.35805,4/15/2016,1,Middle Water,0.8,0.055,0.3,6.8,16,0.003,0,31.5,0.06,0.33,0.5,0
Mirs Bay,MM4,22.563617,114.35805,4/15/2016,1,Bottom Water,0.7,0.047,0.6,4.9,8,0.003,0,32.6,0.06,0.49,0.5,0
Mirs Bay,MM4,22.563617,114.35805,5/18/2016,1,Surface Water,1.4,0.044,1.1,5.8,0,0,0,31.5,0.05,0.25,0.5,0.6
Mirs Bay,MM4,22.563617,114.35805,5/18/2016,1,Middle Water,1.3,0.035,1.2,6,0,0,0,31.8,0.04,0.75,0.6,0.6
Mirs Bay,MM4,22.563617,114.35805,5/18/2016,1,Bottom Water,1,0.074,1.3,5.4,1,0.004,1.2,32.3,0.1,0.49,1.4,0.9
Mirs Bay,MM4,22.563617,114.35805,6/15/2016,1,Surface Water,0.6,0.018,1.5,6.2,0,0.002,0,30.5,0.03,0.5,0.8,2.9
Mirs Bay,MM4,22.563617,114.35805,6/15/2016,1,Middle Water,0.8,0.021,4.7,4.8,7,0.004,1.6,31.5,0.04,0.57,1.3,1.6
Mirs Bay,MM4,22.563617,114.35805,6/15/2016,1,Bottom Water,0.5,0.014,2.2,4.9,3,0.011,0.5,34.3,0.09,0.61,3.9,2
Mirs Bay,MM4,22.563617,114.35805,7/11/2016,1,Surface Water,1.2,0.023,5.2,6.3,53,0.002,1.4,26.7,0.06,0.25,1.7,2.2
Mirs Bay,MM4,22.563617,114.35805,7/11/2016,1,Middle Water,0.4,0.032,0.3,3.7,1,0.011,0.6,32.2,0.12,0.96,0.5,0.6
Mirs Bay,MM4,22.563617,114.35805,7/11/2016,1,Bottom Water,0.8,0.01,0.5,2.2,4,0.023,0.5,34.7,0.17,0.7,3.1,1
Mirs Bay,MM4,22.563617,114.35805,8/15/2016,1,Surface Water,0.3,0.017,1.2,6.3,1,0,0,33.3,0.02,0.75,2.7,1
Mirs Bay,MM4,22.563617,114.35805,8/15/2016,1,Middle Water,0.4,0.012,1.2,5.7,1,0.002,1,33.5,0.02,0.48,2.1,1.6
Mirs Bay,MM4,22.563617,114.35805,8/15/2016,1,Bottom Water,1,0.06,1.1,2.9,1,0.037,0.9,34.2,0.15,1.59,3.5,2.6
Mirs Bay,MM4,22.563617,114.35805,9/14/2016,1,Surface Water,1.2,0.015,1.3,5.7,7,0,0.3,31.6,0.02,0.49,10.4,1.7
Mirs Bay,MM4,22.563617,114.35805,9/14/2016,1,Middle Water,1.1,0.011,1.9,6.5,4,0.002,1,31.8,0.02,0.43,0.6,3.6
Mirs Bay,MM4,22.563617,114.35805,9/14/2016,1,Bottom Water,0.9,0.034,1.9,2.2,4,0.046,1.3,33.1,0.16,0.55,1.5,3.6
Mirs Bay,MM4,22.563617,114.35805,10/26/2016,1,Surface Water,1.3,0.01,1.4,6.8,0,0.005,0,30.7,0.02,0.27,2.2,0
Mirs Bay,MM4,22.563617,114.35805,10/26/2016,1,Middle Water,1.1,0.014,1.4,7,0,0.007,0,31,0.02,0.4,2.5,0
Mirs Bay,MM4,22.563617,114.35805,10/26/2016,1,Bottom Water,0.3,0.01,2,5.6,0,0.01,1.5,31.8,0.09,0.43,2.6,0.6
Mirs Bay,MM4,22.563617,114.35805,11/9/2016,1,Surface Water,0,0.028,0.9,5.5,0,0.003,0,31.3,0.04,0.3,13.6,1.7
Mirs Bay,MM4,22.563617,114.35805,11/9/2016,1,Middle Water,0,0.033,0.6,6.3,0,0.005,0.3,31.3,0.05,0.72,4.5,2.6
Mirs Bay,MM4,22.563617,114.35805,11/9/2016,1,Bottom Water,0,0.036,1.5,6.4,0,0.006,0.4,31.3,0.05,0.21,10.2,3.8
Mirs Bay,MM4,22.563617,114.35805,12/8/2016,1,Surface Water,0.3,0.012,1.8,6.9,0,0.011,0.8,31.1,0.12,0.45,8.3,0.7
Mirs Bay,MM4,22.563617,114.35805,12/8/2016,1,Middle Water,0.2,0.02,1.2,7,0,0.012,0.8,31.1,0.13,0.43,2.1,0.7
Mirs Bay,MM4,22.563617,114.35805,12/8/2016,1,Bottom Water,0.3,0.016,1.7,7.1,1,0.011,1.3,31.1,0.12,0.6,3,0.8
Mirs Bay,MM4,22.563617,114.35805,1/19/2017,1,Surface Water,0.3,0.059,0.4,6.5,0,0,0,30.8,0.07,0.37,3.7,0.8
Mirs Bay,MM4,22.563617,114.35805,1/19/2017,1,Middle Water,0.2,0.065,1,7,0,0.009,0,30.8,0.08,0.58,1.7,0.6
Mirs Bay,MM4,22.563617,114.35805,1/19/2017,1,Bottom Water,0.2,0.069,0.5,6.9,1,0,0,30.8,0.09,0.37,3.6,1
Mirs Bay,MM4,22.563617,114.35805,2/8/2017,1,Surface Water,0.9,0.049,2.5,7.3,0,0.005,0.9,31,0.09,1.04,8.9,2.1
Mirs Bay,MM4,22.563617,114.35805,2/8/2017,1,Middle Water,0.8,0.044,0.6,7.3,0,0.006,0.5,31,0.09,0.91,2.8,2
Mirs Bay,MM4,22.563617,114.35805,2/8/2017,1,Bottom Water,0.8,0.042,0.7,7.6,0,0.006,1.5,31,0.09,0.33,16.9,4.1
Mirs Bay,MM4,22.563617,114.35805,3/16/2017,1,Surface Water,0.8,0.051,1.2,7.3,0,0.008,0,31.7,0.09,0.52,2.2,1.4
Mirs Bay,MM4,22.563617,114.35805,3/16/2017,1,Middle Water,0.8,0.06,0.6,7.1,0,0.009,0.5,31.8,0.11,0.45,0.7,2.2
Mirs Bay,MM4,22.563617,114.35805,3/16/2017,1,Bottom Water,0.7,0.077,0.8,6,0,0.011,0,32,0.13,0.47,5.2,2.8
Mirs Bay,MM4,22.563617,114.35805,4/24/2017,1,Surface Water,0.4,0.022,0.4,6.6,0,0.004,0.4,32.9,0.03,0.28,0.2,1.8
Mirs Bay,MM4,22.563617,114.35805,4/24/2017,1,Middle Water,0.5,0.026,0.8,5.7,0,0.004,0.2,33.6,0.03,0.26,1.8,2
Mirs Bay,MM4,22.563617,114.35805,4/24/2017,1,Bottom Water,1.4,0.031,0.4,4.1,0,0.006,0,34.1,0.04,0.3,4.1,2.4
Mirs Bay,MM4,22.563617,114.35805,5/26/2017,1,Surface Water,0.9,0.035,1,6.2,0,0.002,0.7,32.4,0.05,0.41,1.3,1.3
Mirs Bay,MM4,22.563617,114.35805,5/26/2017,1,Middle Water,1.2,0.04,1.1,6.3,1,0.003,0.3,32.6,0.06,0.5,0.4,1.8
Mirs Bay,MM4,22.563617,114.35805,5/26/2017,1,Bottom Water,0.7,0.044,1.3,4.5,1,0.004,0.6,32.8,0.07,0.33,3,1.6
Mirs Bay,MM4,22.563617,114.35805,6/15/2017,1,Surface Water,1.1,0.023,0.7,5.5,22,0.002,0.5,30.8,0.06,0.17,2.3,0
Mirs Bay,MM4,22.563617,114.35805,6/15/2017,1,Middle Water,1.3,0.027,0.7,5.6,19,0.003,0.4,31.7,0.05,0.33,1.6,0
Mirs Bay,MM4,22.563617,114.35805,6/15/2017,1,Bottom Water,0.9,0.051,0.5,3.3,27,0.006,0,32.7,0.07,0.42,2.5,0.7
Mirs Bay,MM4,22.563617,114.35805,7/14/2017,1,Surface Water,2.7,0.021,13,9.3,1,0.003,1.2,23.8,0.2,0.42,1,1.7
Mirs Bay,MM4,22.563617,114.35805,7/14/2017,1,Middle Water,1.5,0.031,3.5,4.1,0,0,2.1,32.3,0.12,0.25,2.5,0.8
Mirs Bay,MM4,22.563617,114.35805,7/14/2017,1,Bottom Water,1.4,0.019,4.7,2.1,3,0.005,0.9,34.3,0.13,0.32,2.9,1.3
Mirs Bay,MM4,22.563617,114.35805,8/25/2017,1,Surface Water,1.1,0.007,2.3,5.5,1,0.009,0.8,33.5,0.01,0.29,0.3,2.2
Mirs Bay,MM4,22.563617,114.35805,8/25/2017,1,Middle Water,0.9,0.016,5.2,5,3,0.013,0.7,33.7,0.02,0.3,1,2.5
Mirs Bay,MM4,22.563617,114.35805,8/25/2017,1,Bottom Water,0.4,0.057,2,2.9,24,0.026,0,34.2,0.07,0.45,3,2.6
Mirs Bay,MM4,22.563617,114.35805,9/21/2017,1,Surface Water,1.6,0.008,0.8,7.2,4,0.004,0.7,30.6,0.01,0.95,0.6,2.7
Mirs Bay,MM4,22.563617,114.35805,9/21/2017,1,Middle Water,1.4,0.007,1.3,7.3,0,0.004,1.1,30.9,0.01,1.2,0.5,2.5
Mirs Bay,MM4,22.563617,114.35805,9/21/2017,1,Bottom Water,1.6,0.025,0.8,4.9,0,0.004,0.6,32.1,0.03,1.21,0.3,1.9
Mirs Bay,MM4,22.563617,114.35805,10/25/2017,1,Surface Water,1.4,0.01,2.4,6.4,0,0.004,1.1,31.7,0.01,0.24,4.2,0.8
Mirs Bay,MM4,22.563617,114.35805,10/25/2017,1,Middle Water,1.3,0.01,4,6.7,0,0.004,2.8,32.3,0.02,0.3,2.2,1.1
Mirs Bay,MM4,22.563617,114.35805,10/25/2017,1,Bottom Water,1.3,0.012,2.5,6.3,0,0.008,0.5,32.5,0.05,0.37,3.5,0.9
Mirs Bay,MM5,22.52055,114.393883,5/22/2015,1,Surface Water,0.7,0.027,4.8,6.6,1,0.003,0.7,31.3,0.14,0.32,2.3,0.5
Mirs Bay,MM5,22.52055,114.393883,5/22/2015,1,Middle Water,0,0.065,3.4,4.9,3,0.007,0,32.9,0.1,0.22,2.8,0
Mirs Bay,MM5,22.52055,114.393883,5/22/2015,1,Bottom Water,0,0.028,1.8,4.1,0,0.012,0,34.2,0.12,0.29,7.4,1.5
Mirs Bay,MM5,22.52055,114.393883,6/24/2015,1,Surface Water,1.3,0.021,5.2,7,78,0.003,0,27,0.19,0.4,2.4,0
Mirs Bay,MM5,22.52055,114.393883,6/24/2015,1,Middle Water,0.7,0.041,3.1,6,2,0.003,1.1,31.4,0.12,0.38,2.9,0
Mirs Bay,MM5,22.52055,114.393883,6/24/2015,1,Bottom Water,1.2,0.043,2.7,3.3,18,0.009,1.9,34.4,0.07,0.4,9.7,1.4
Mirs Bay,MM5,22.52055,114.393883,7/27/2015,1,Surface Water,0.7,0.015,1.7,6.3,0,0.004,0.7,31.9,0.02,0.25,3.1,1
Mirs Bay,MM5,22.52055,114.393883,7/27/2015,1,Middle Water,0.1,0.011,0,2.1,1,0.014,1.5,34.1,0.1,0.24,3.6,0.9
Mirs Bay,MM5,22.52055,114.393883,7/27/2015,1,Bottom Water,0,0.014,1,3,2,0.017,0,34.4,0.11,0.2,4.6,0.5
Mirs Bay,MM5,22.52055,114.393883,8/20/2015,1,Surface Water,1.6,0.013,2.2,6.6,1,0.006,0.4,33,0.02,0.25,2.5,0
Mirs Bay,MM5,22.52055,114.393883,8/20/2015,1,Middle Water,0.8,0.026,4.6,4.3,2,0.01,1.3,34.2,0.04,0.15,2.9,1.8
Mirs Bay,MM5,22.52055,114.393883,8/20/2015,1,Bottom Water,0.4,0.016,1.8,2.1,0,0.025,0.5,34.5,0.13,0.22,4.1,0.8
Mirs Bay,MM5,22.52055,114.393883,9/24/2015,1,Surface Water,1.5,0.018,1.2,6.6,0,0.004,0,33.2,0.02,0.36,0.5,0.7
Mirs Bay,MM5,22.52055,114.393883,9/24/2015,1,Middle Water,1.5,0.018,0.9,6.4,0,0.004,0.8,33.3,0.02,0.37,0.5,1.8
Mirs Bay,MM5,22.52055,114.393883,9/24/2015,1,Bottom Water,1.4,0.038,1.5,4.7,0,0.007,1.1,33.4,0.04,0.28,1.4,3.1
Mirs Bay,MM5,22.52055,114.393883,10/26/2015,1,Surface Water,0.6,0.024,2.9,5.4,0,0.005,0.7,32.9,0.04,0.29,2.4,0.8
Mirs Bay,MM5,22.52055,114.393883,10/26/2015,1,Middle Water,0.7,0.025,1.7,6.4,0,0.005,0,33,0.03,0.4,2.4,0.7
Mirs Bay,MM5,22.52055,114.393883,10/26/2015,1,Bottom Water,0.6,0.041,3.2,5,0,0.009,0.8,33,0.08,0.39,3.2,1.4
Mirs Bay,MM5,22.52055,114.393883,11/23/2015,1,Surface Water,0.9,0.019,2.2,6.5,0,0.008,0.8,33.2,0.05,0.22,0.5,0
Mirs Bay,MM5,22.52055,114.393883,11/23/2015,1,Middle Water,0.7,0.024,2.5,6.5,12,0.009,0.4,33.2,0.06,0.33,0.6,0.7
Mirs Bay,MM5,22.52055,114.393883,11/23/2015,1,Bottom Water,0.7,0.024,2.5,6.3,0,0.009,0,33.2,0.06,0.2,1.2,0.6
Mirs Bay,MM5,22.52055,114.393883,12/16/2015,1,Surface Water,0.2,0.02,1.4,6,0,0.006,1.1,32.9,0.05,0.36,2.6,0.6
Mirs Bay,MM5,22.52055,114.393883,12/16/2015,1,Middle Water,0.2,0.021,1.7,6.7,1,0.008,0.7,33.2,0.08,0.47,3.3,0.7
Mirs Bay,MM5,22.52055,114.393883,12/16/2015,1,Bottom Water,0,0.019,2.1,6.9,0,0.008,0.2,33.2,0.07,0.59,3.3,5.8
Mirs Bay,MM5,22.52055,114.393883,1/15/2016,1,Surface Water,1.3,0.043,2.6,7.8,1,0.005,0.8,31.7,0.1,0.44,0.3,1.7
Mirs Bay,MM5,22.52055,114.393883,1/15/2016,1,Middle Water,0.9,0.041,1.3,7.7,0,0.005,0.4,31.9,0.08,0.91,0.3,1.4
Mirs Bay,MM5,22.52055,114.393883,1/15/2016,1,Bottom Water,0.8,0.042,1.2,7.6,0,0.006,0.4,32,0.12,0.21,1,1.3
Mirs Bay,MM5,22.52055,114.393883,2/26/2016,1,Surface Water,2.8,0.056,8.6,8.7,0,0.006,2.6,31,0.13,0.38,0.4,1.2
Mirs Bay,MM5,22.52055,114.393883,2/26/2016,1,Middle Water,1.9,0.053,4,8.6,0,0.005,1.4,31,0.13,0.39,0.4,0
Mirs Bay,MM5,22.52055,114.393883,2/26/2016,1,Bottom Water,1.2,0.064,2.4,6.8,0,0.007,0.5,32,0.14,0.4,6,0.5
Mirs Bay,MM5,22.52055,114.393883,3/17/2016,1,Surface Water,2.4,0.076,10,6.8,1,0.005,7.6,31,0.1,0.51,0.8,2.1
Mirs Bay,MM5,22.52055,114.393883,3/17/2016,1,Middle Water,0.7,0.052,9.3,6.8,0,0.005,0,31.3,0.07,0.26,1,0.5
Mirs Bay,MM5,22.52055,114.393883,3/17/2016,1,Bottom Water,0.9,0.055,1.4,6.7,0,0.005,0.6,32,0.08,0.16,1.4,0.7
Mirs Bay,MM5,22.52055,114.393883,4/15/2016,1,Surface Water,7.4,0.25,68,7.6,10,0.003,7,30.3,0.28,0.75,0.7,4.6
Mirs Bay,MM5,22.52055,114.393883,4/15/2016,1,Middle Water,0.9,0.055,0.3,6.5,10,0.003,0,31.9,0.06,0.25,0.2,0
Mirs Bay,MM5,22.52055,114.393883,4/15/2016,1,Bottom Water,0.6,0.047,0,4.8,17,0.004,0,33.4,0.05,0.18,1.2,0
Mirs Bay,MM5,22.52055,114.393883,5/18/2016,1,Surface Water,0.9,0.038,1.5,5.7,1,0,0,31.6,0.05,0.41,2.5,0
Mirs Bay,MM5,22.52055,114.393883,5/18/2016,1,Middle Water,1,0.04,1,5.5,0,0,0,31.7,0.05,0.62,0.4,0
Mirs Bay,MM5,22.52055,114.393883,5/18/2016,1,Bottom Water,0.8,0.092,0.7,4.4,0,0.007,0.2,32.7,0.14,0.49,1,0.5
Mirs Bay,MM5,22.52055,114.393883,6/15/2016,1,Surface Water,0.6,0.021,1.4,5.6,0,0,0.3,31.2,0.03,0.39,5.8,1.8
Mirs Bay,MM5,22.52055,114.393883,6/15/2016,1,Middle Water,0.7,0.02,6,4.8,5,0.003,1.7,32.1,0.03,0.49,1.1,1.6
Mirs Bay,MM5,22.52055,114.393883,6/15/2016,1,Bottom Water,0.7,0.013,0.7,4.3,3,0.018,0,32.7,0.13,0.57,3.3,1.9
Mirs Bay,MM5,22.52055,114.393883,7/11/2016,1,Surface Water,1.8,0.018,2.8,6.3,2,0,1.2,27.4,0.02,0.22,1.9,1.9
Mirs Bay,MM5,22.52055,114.393883,7/11/2016,1,Middle Water,0.4,0.027,0.4,5.7,0,0.013,0,31.1,0.14,0.53,0.4,0.6
Mirs Bay,MM5,22.52055,114.393883,7/11/2016,1,Bottom Water,0.3,0.011,0.5,2.2,2,0.027,0.2,34.7,0.17,0.63,2.2,0.9
Mirs Bay,MM5,22.52055,114.393883,8/15/2016,1,Surface Water,1.3,0.029,1.5,6.2,0,0,0,32.8,0.03,0.39,2.2,1.2
Mirs Bay,MM5,22.52055,114.393883,8/15/2016,1,Middle Water,1,0.02,1.2,5,3,0.003,0.5,33.4,0.03,0.64,2.1,1.2
Mirs Bay,MM5,22.52055,114.393883,8/15/2016,1,Bottom Water,1.3,0.07,1.4,2.9,0,0.038,0,34.1,0.15,0.65,2.9,2.8
Mirs Bay,MM5,22.52055,114.393883,9/14/2016,1,Surface Water,0.8,0.009,0.7,6.8,0,0,0.7,31.6,0.01,0.2,0.6,1.9
Mirs Bay,MM5,22.52055,114.393883,9/14/2016,1,Middle Water,0.9,0.015,3.7,6.2,0,0.002,1.6,32.4,0.02,0.9,0.7,3.8
Mirs Bay,MM5,22.52055,114.393883,9/14/2016,1,Bottom Water,1,0.022,3.1,1.6,0,0.024,2.9,33.6,0.14,0.94,1.4,3.5
Mirs Bay,MM5,22.52055,114.393883,10/26/2016,1,Surface Water,0.5,0.012,1.6,6.7,0,0.006,0,31.1,0.02,0.19,10.7,0.6
Mirs Bay,MM5,22.52055,114.393883,10/26/2016,1,Middle Water,0.4,0.009,1.4,6.2,1,0.005,1.1,31.2,0.06,0.79,2.4,0.6
Mirs Bay,MM5,22.52055,114.393883,10/26/2016,1,Bottom Water,0.2,0.01,2.3,5.4,2,0.008,2.3,32,0.07,0.52,3.2,0.8
Mirs Bay,MM5,22.52055,114.393883,11/9/2016,1,Surface Water,0.2,0.03,1.1,5.9,4,0.004,1,31.3,0.07,0.32,22.3,1.4
Mirs Bay,MM5,22.52055,114.393883,11/9/2016,1,Middle Water,0.2,0.035,1.5,6.1,0,0.007,1.4,31.3,0.07,0.48,2.1,1.4
Mirs Bay,MM5,22.52055,114.393883,11/9/2016,1,Bottom Water,0.2,0.034,1.8,6.1,0,0.002,0.6,31.3,0.05,0.19,2.3,1.7
Mirs Bay,MM5,22.52055,114.393883,12/8/2016,1,Surface Water,0.3,0.018,1.4,6.8,2,0.012,1,31.1,0.13,0.31,2.2,1
Mirs Bay,MM5,22.52055,114.393883,12/8/2016,1,Middle Water,0.5,0.017,1.7,6.9,1,0.012,0,31.1,0.13,0.48,2.9,0.9
Mirs Bay,MM5,22.52055,114.393883,12/8/2016,1,Bottom Water,0.4,0.02,1,7,0,0.012,0.7,31.1,0.13,0.58,3.8,0.9
Mirs Bay,MM5,22.52055,114.393883,1/19/2017,1,Surface Water,1.4,0.066,0.4,6.6,0,0,0,30.8,0.08,0.38,13.4,0.5
Mirs Bay,MM5,22.52055,114.393883,1/19/2017,1,Middle Water,0.3,0.074,0,6.9,0,0.003,0,30.8,0.09,0.26,1.4,0.8
Mirs Bay,MM5,22.52055,114.393883,1/19/2017,1,Bottom Water,0.1,0.083,0.6,6.6,1,0.009,0.5,30.8,0.1,0.43,4.2,1
Mirs Bay,MM5,22.52055,114.393883,2/8/2017,1,Surface Water,1.7,0.059,1.4,7.5,0,0.005,0.8,31,0.08,0.89,1.3,1.9
Mirs Bay,MM5,22.52055,114.393883,2/8/2017,1,Middle Water,0.6,0.035,0.5,7.4,0,0.005,0,31,0.06,0.51,1,1.5
Mirs Bay,MM5,22.52055,114.393883,2/8/2017,1,Bottom Water,0.5,0.02,1,7.5,0,0.013,0.6,31,0.16,0.37,13.6,2.8
Mirs Bay,MM5,22.52055,114.393883,3/16/2017,1,Surface Water,1,0.048,2.4,7.2,0,0.008,0,31.7,0.1,0.32,0.9,1.8
Mirs Bay,MM5,22.52055,114.393883,3/16/2017,1,Middle Water,0.9,0.057,1.2,7,0,0.009,0.2,31.8,0.1,1.05,0.6,2.1
Mirs Bay,MM5,22.52055,114.393883,3/16/2017,1,Bottom Water,0.7,0.067,0.9,6.9,0,0.01,0,32,0.12,0.37,2.3,1.6
Mirs Bay,MM5,22.52055,114.393883,4/24/2017,1,Surface Water,0.5,0.016,0.6,6.8,0,0.003,0,32.9,0.02,0.29,0.1,1.4
Mirs Bay,MM5,22.52055,114.393883,4/24/2017,1,Middle Water,1.4,0.017,0.6,6.1,0,0.003,0.2,33.3,0.02,0.27,0.1,1.5
Mirs Bay,MM5,22.52055,114.393883,4/24/2017,1,Bottom Water,1.8,0.059,0.6,5.1,2,0.003,0,34.1,0.06,0.3,2.4,2.6
Mirs Bay,MM5,22.52055,114.393883,5/26/2017,1,Surface Water,0.9,0.046,1.5,6.4,1,0.003,0.2,32.3,0.06,0.35,2.7,1.3
Mirs Bay,MM5,22.52055,114.393883,5/26/2017,1,Middle Water,0.9,0.038,1.4,6.3,0,0.002,0.4,32.5,0.05,0.38,0.2,1.4
Mirs Bay,MM5,22.52055,114.393883,5/26/2017,1,Bottom Water,0.9,0.039,1.4,5.3,0,0.004,0.5,32.8,0.07,0.26,0.9,1.6
Mirs Bay,MM5,22.52055,114.393883,6/15/2017,1,Surface Water,0.9,0.03,1.3,5.3,21,0,0.4,29.9,0.08,0.33,5.6,0
Mirs Bay,MM5,22.52055,114.393883,6/15/2017,1,Middle Water,0.8,0.041,0.7,5.6,55,0.003,0.3,31.9,0.05,0.71,0.3,0
Mirs Bay,MM5,22.52055,114.393883,6/15/2017,1,Bottom Water,0.6,0.055,1,3.7,36,0.004,0.3,32.9,0.08,0.52,3.7,0.5
Mirs Bay,MM5,22.52055,114.393883,7/14/2017,1,Surface Water,2.6,0.018,16,9.6,2,0,1.1,23.5,0.21,0.42,0.9,2.9
Mirs Bay,MM5,22.52055,114.393883,7/14/2017,1,Middle Water,1.7,0.042,3.2,5.3,34,0.005,1.8,30.7,0.13,0.3,0.6,1
Mirs Bay,MM5,22.52055,114.393883,7/14/2017,1,Bottom Water,0.7,0.05,1.2,1.6,2,0.019,1.1,34.3,0.15,0.31,0.9,0.8
Mirs Bay,MM5,22.52055,114.393883,8/25/2017,1,Surface Water,0.9,0.02,1.9,5.8,1,0.011,0,33.7,0.02,0.35,0.6,1.9
Mirs Bay,MM5,22.52055,114.393883,8/25/2017,1,Middle Water,0.4,0.023,1.7,4.7,2,0.013,0,33.8,0.03,0.31,0.6,1.8
Mirs Bay,MM5,22.52055,114.393883,8/25/2017,1,Bottom Water,0.5,0.069,0.9,2.2,4,0.025,0.4,34.3,0.08,0.3,3.6,2.4
Mirs Bay,MM5,22.52055,114.393883,9/21/2017,1,Surface Water,1.2,0.008,1.1,6.9,0,0.004,0,30.8,0.01,0.85,0.5,2.5
Mirs Bay,MM5,22.52055,114.393883,9/21/2017,1,Middle Water,1.6,0.01,1.4,7,0,0.004,0.4,30.9,0.02,0.48,0.5,2.6
Mirs Bay,MM5,22.52055,114.393883,9/21/2017,1,Bottom Water,1,0.007,1.1,1.2,1,0.022,0.8,32.7,0.12,0.95,2.6,2.5
Mirs Bay,MM5,22.52055,114.393883,10/25/2017,1,Surface Water,1.3,0.024,4.2,6.1,0,0.005,0.5,32,0.03,0.35,2,0.8
Mirs Bay,MM5,22.52055,114.393883,10/25/2017,1,Middle Water,1.9,0.017,8,6.3,0,0.004,2,32.5,0.02,0.43,0.6,1.1
Mirs Bay,MM5,22.52055,114.393883,10/25/2017,1,Bottom Water,1.4,0.009,1.4,5.5,0,0.011,1.2,32.7,0.08,0.43,4.8,1
Mirs Bay,MM6,22.455567,114.34995,5/22/2015,1,Surface Water,0.3,0.063,2.6,3.3,33,0.005,0.2,31.6,0.09,0.24,2.9,0.5
Mirs Bay,MM6,22.455567,114.34995,5/22/2015,1,Middle Water,0.2,0.057,2.4,4.7,3,0.006,0,32.9,0.09,0.29,2.7,0.8
Mirs Bay,MM6,22.455567,114.34995,5/22/2015,1,Bottom Water,0.3,0.06,0.7,4.6,5,0.008,0.6,33.2,0.11,0.26,2.8,0
Mirs Bay,MM6,22.455567,114.34995,6/24/2015,1,Surface Water,1.2,0.029,4.4,6.8,100,0.002,1.2,27.8,0.17,0.39,2.3,0
Mirs Bay,MM6,22.455567,114.34995,6/24/2015,1,Middle Water,1.2,0.036,3.3,6.9,84,0.002,2.9,28,0.18,0.51,2.3,0.7
Mirs Bay,MM6,22.455567,114.34995,6/24/2015,1,Bottom Water,1,0.033,2.5,6.1,8,0.003,2,32,0.15,0.45,2.4,0.6
Mirs Bay,MM6,22.455567,114.34995,7/27/2015,1,Surface Water,0.7,0.018,3.3,6,4,0.005,2.5,31.9,0.03,0.21,2.3,1.3
Mirs Bay,MM6,22.455567,114.34995,7/27/2015,1,Middle Water,0.5,0.015,3.1,5.9,0,0.02,2.2,32.7,0.14,0.31,2.3,0.7
Mirs Bay,MM6,22.455567,114.34995,7/27/2015,1,Bottom Water,0.2,0.012,0.9,2.1,1,0.027,0,33.8,0.15,0.26,2.2,0.8
Mirs Bay,MM6,22.455567,114.34995,8/20/2015,1,Surface Water,2.1,0.024,9.8,7.7,1,0.008,1.7,33,0.03,0.32,2.7,0.8
Mirs Bay,MM6,22.455567,114.34995,8/20/2015,1,Middle Water,1.1,0.022,3.8,4.9,2,0.009,1.5,33.7,0.03,0.16,2.5,1.8
Mirs Bay,MM6,22.455567,114.34995,8/20/2015,1,Bottom Water,0.5,0.078,2.5,1.3,2,0.04,0,34.2,0.13,0.26,3,0.8
Mirs Bay,MM6,22.455567,114.34995,9/24/2015,1,Surface Water,1.6,0.021,1.8,6.5,2,0.004,0,33.1,0.03,0.45,0.6,0.5
Mirs Bay,MM6,22.455567,114.34995,9/24/2015,1,Middle Water,1.5,0.018,1.4,5.9,2,0.004,0.6,33.3,0.02,0.23,0.6,1.9
Mirs Bay,MM6,22.455567,114.34995,9/24/2015,1,Bottom Water,1.2,0.032,1,4.7,2,0.007,0.9,33.4,0.05,0.44,1.1,2.3
Mirs Bay,MM6,22.455567,114.34995,10/26/2015,1,Surface Water,0.8,0.023,3.4,4.7,1,0.005,0.3,32.8,0.03,0.26,2.7,0.7
Mirs Bay,MM6,22.455567,114.34995,10/26/2015,1,Middle Water,0.8,0.024,3.4,6.2,1,0.005,0.4,32.8,0.03,0.42,2.8,0.9
Mirs Bay,MM6,22.455567,114.34995,10/26/2015,1,Bottom Water,0.7,0.036,2.6,5.8,1,0.006,1,32.9,0.05,0.46,3.4,1
Mirs Bay,MM6,22.455567,114.34995,11/23/2015,1,Surface Water,1,0.026,6.2,6.5,4,0.008,0.3,33.2,0.05,0.28,1.4,0.7
Mirs Bay,MM6,22.455567,114.34995,11/23/2015,1,Middle Water,1,0.028,6.1,6.6,10,0.008,1,33.2,0.05,0.29,1.5,1.1
Mirs Bay,MM6,22.455567,114.34995,11/23/2015,1,Bottom Water,0.8,0.024,5.7,6.6,32,0.008,0.4,33.2,0.04,0.31,1.8,0.7
Mirs Bay,MM6,22.455567,114.34995,12/16/2015,1,Surface Water,0.3,0.043,2.5,5.8,2,0.006,0,33.1,0.07,0.44,1.1,2.7
Mirs Bay,MM6,22.455567,114.34995,12/16/2015,1,Middle Water,0.4,0.029,1.9,6.8,0,0.007,0.2,33.1,0.06,0.46,1,2.2
Mirs Bay,MM6,22.455567,114.34995,12/16/2015,1,Bottom Water,0.4,0.031,2.8,6.9,0,0.006,0,33.1,0.06,0.47,1,4.2
Mirs Bay,MM6,22.455567,114.34995,1/15/2016,1,Surface Water,3.2,0.04,8.9,8.7,0,0.005,0.4,31.6,0.05,0.51,0.8,3.8
Mirs Bay,MM6,22.455567,114.34995,1/15/2016,1,Middle Water,1,0.03,2.5,8.7,0,0.005,0.8,31.7,0.05,0.82,0.6,1.5
Mirs Bay,MM6,22.455567,114.34995,1/15/2016,1,Bottom Water,1,0.03,1.6,8,1,0.005,0.9,31.8,0.07,0.17,0.5,1.6
Mirs Bay,MM6,22.455567,114.34995,2/26/2016,1,Surface Water,1,0.067,3.9,8.4,0,0.006,1.9,30.8,0.13,0.37,3.3,0
Mirs Bay,MM6,22.455567,114.34995,2/26/2016,1,Middle Water,1.8,0.076,3.6,8.4,0,0.007,1.4,30.8,0.14,0.39,0.3,0.6
Mirs Bay,MM6,22.455567,114.34995,2/26/2016,1,Bottom Water,1,0.071,3.2,8.3,0,0.007,1.6,30.8,0.14,0.51,0.2,0.9
Mirs Bay,MM6,22.455567,114.34995,3/17/2016,1,Surface Water,0.9,0.062,1.7,7.1,1,0.005,1,31.4,0.08,0.24,1,1.2
Mirs Bay,MM6,22.455567,114.34995,3/17/2016,1,Middle Water,0.7,0.049,0.8,5.1,0,0.005,0.8,31.4,0.08,0.15,0.9,0
Mirs Bay,MM6,22.455567,114.34995,3/17/2016,1,Bottom Water,0.7,0.044,1.2,6,0,0.005,0.6,31.7,0.07,0.32,1.4,1.4
Mirs Bay,MM6,22.455567,114.34995,4/15/2016,1,Surface Water,2.1,0.11,2.1,6,35,0.003,0.7,30.4,0.13,0.31,0.4,1
Mirs Bay,MM6,22.455567,114.34995,4/15/2016,1,Middle Water,1.2,0.066,0.8,6.1,12,0.002,0,31.2,0.08,0.25,0.2,0.6
Mirs Bay,MM6,22.455567,114.34995,4/15/2016,1,Bottom Water,0.8,0.062,0.7,5.4,10,0.003,0,31.9,0.08,0.22,0.3,1.2
Mirs Bay,MM6,22.455567,114.34995,5/18/2016,1,Surface Water,1.4,0.039,0.5,5.4,1,0,2,31.2,0.05,0.47,1.8,0.8
Mirs Bay,MM6,22.455567,114.34995,5/18/2016,1,Middle Water,1.2,0.045,1.4,5.6,1,0,0.4,31.5,0.05,0.5,0.5,0.5
Mirs Bay,MM6,22.455567,114.34995,5/18/2016,1,Bottom Water,1.4,0.063,1.2,5.3,1,0.002,0.5,31.7,0.08,1.02,0.8,0.5
Mirs Bay,MM6,22.455567,114.34995,6/15/2016,1,Surface Water,0.6,0.018,1.2,5.9,1,0.002,0.7,32.1,0.02,0.5,1,1.6
Mirs Bay,MM6,22.455567,114.34995,6/15/2016,1,Middle Water,1.1,0.056,2.3,4.5,0,0.01,0.4,32.4,0.1,0.31,0.9,1.3
Mirs Bay,MM6,22.455567,114.34995,6/15/2016,1,Bottom Water,0.8,0.03,1.7,4.9,0,0.008,0,31.7,0.09,0.46,1.2,1.6
Mirs Bay,MM6,22.455567,114.34995,7/11/2016,1,Surface Water,1.5,0.02,5.4,6.2,4,0,1.7,26.3,0.05,0.29,2,2.3
Mirs Bay,MM6,22.455567,114.34995,7/11/2016,1,Middle Water,0.6,0.044,0.5,5.7,26,0.008,0.3,28.4,0.11,0.7,0.6,0.6
Mirs Bay,MM6,22.455567,114.34995,7/11/2016,1,Bottom Water,0.5,0.009,0.7,3.5,0,0.022,0,32.9,0.16,0.51,0.5,0.9
Mirs Bay,MM6,22.455567,114.34995,8/15/2016,1,Surface Water,1.4,0.033,1.8,5.5,9,0,0,32.6,0.04,0.36,2.3,1.4
Mirs Bay,MM6,22.455567,114.34995,8/15/2016,1,Middle Water,1.7,0.031,1.4,4.8,1,0.004,1.2,33.1,0.04,0.65,2.3,1.2
Mirs Bay,MM6,22.455567,114.34995,8/15/2016,1,Bottom Water,1.3,0.051,1.6,5,1,0.018,0.7,33.7,0.08,0.74,2.3,2.9
Mirs Bay,MM6,22.455567,114.34995,9/14/2016,1,Surface Water,1.4,0.017,1.1,6.7,5,0,0.4,31.1,0.08,0.21,1.8,1.8
Mirs Bay,MM6,22.455567,114.34995,9/14/2016,1,Middle Water,1.4,0.022,4,5.8,0,0,2.9,32,0.03,0.49,0.8,2.8
Mirs Bay,MM6,22.455567,114.34995,9/14/2016,1,Bottom Water,1.1,0.026,5.8,3.4,1,0.005,3,32.5,0.07,0.76,1,4.1
Mirs Bay,MM6,22.455567,114.34995,10/26/2016,1,Surface Water,0.6,0.013,2.4,6.1,0,0.005,0.4,30.4,0.02,0.24,2.6,0.6
Mirs Bay,MM6,22.455567,114.34995,10/26/2016,1,Middle Water,0.6,0.015,3.1,5.5,0,0.007,1.5,31.1,0.06,0.64,2.8,1
Mirs Bay,MM6,22.455567,114.34995,10/26/2016,1,Bottom Water,0.3,0,1.7,5.5,0,0.015,1.1,31.7,0.12,0.47,3.4,0.6
Mirs Bay,MM6,22.455567,114.34995,11/9/2016,1,Surface Water,0.3,0.04,2.3,5.7,2,0.003,1.3,31,0.07,0.26,19.7,2.6
Mirs Bay,MM6,22.455567,114.34995,11/9/2016,1,Middle Water,0.2,0.037,1.7,6,0,0.004,1.6,31,0.07,0.17,4,2.2
Mirs Bay,MM6,22.455567,114.34995,11/9/2016,1,Bottom Water,0.2,0.034,2.4,6,0,0.002,1.3,31,0.07,0.15,4.9,2.7
Mirs Bay,MM6,22.455567,114.34995,12/8/2016,1,Surface Water,0.3,0.029,1.3,6.7,1,0.007,0.5,30.8,0.09,0.28,1.9,0.9
Mirs Bay,MM6,22.455567,114.34995,12/8/2016,1,Middle Water,0.4,0.034,1.9,6.9,0,0.007,0,30.8,0.1,0.59,1.3,0.6
Mirs Bay,MM6,22.455567,114.34995,12/8/2016,1,Bottom Water,0.3,0.037,1.2,6.8,0,0.007,0.3,30.8,0.1,0.44,1.8,0.9
Mirs Bay,MM6,22.455567,114.34995,1/19/2017,1,Surface Water,0.3,0.063,0.5,6.1,0,0.003,0,30.7,0.07,0.36,2.9,0
Mirs Bay,MM6,22.455567,114.34995,1/19/2017,1,Middle Water,0.8,0.069,0.8,6.8,0,0.003,0.5,30.8,0.08,0.29,0.6,0
Mirs Bay,MM6,22.455567,114.34995,1/19/2017,1,Bottom Water,0.6,0.058,0.2,7,0,0.004,0.3,30.8,0.07,0.26,0.8,0
Mirs Bay,MM6,22.455567,114.34995,2/8/2017,1,Surface Water,0.6,0.04,1.7,7.6,0,0.005,1.6,30.9,0.06,0.98,0.8,2
Mirs Bay,MM6,22.455567,114.34995,2/8/2017,1,Middle Water,1,0.037,1.7,7.7,0,0.004,1.1,30.9,0.06,0.89,0.8,1.5
Mirs Bay,MM6,22.455567,114.34995,2/8/2017,1,Bottom Water,0.8,0.039,1.6,7.6,1,0.004,0.3,30.9,0.07,0.39,0.8,0.8
Mirs Bay,MM6,22.455567,114.34995,3/16/2017,1,Surface Water,1,0.076,1.2,6.1,1,0.002,1.1,31.6,0.12,0.37,0.4,1.6
Mirs Bay,MM6,22.455567,114.34995,3/16/2017,1,Middle Water,1.1,0.07,0.6,6.9,0,0,0.2,31.6,0.11,0.41,0.4,1.6
Mirs Bay,MM6,22.455567,114.34995,3/16/2017,1,Bottom Water,0.9,0.067,0.7,6.9,1,0.009,0.7,31.7,0.11,0.48,1.2,1.8
Mirs Bay,MM6,22.455567,114.34995,4/24/2017,1,Surface Water,0.7,0.024,0.7,6.3,2,0.003,0,32.7,0.03,0.5,2.7,1.1
Mirs Bay,MM6,22.455567,114.34995,4/24/2017,1,Middle Water,1.6,0.028,4.5,6.7,3,0.003,0.7,32.8,0.03,0.35,0.4,2.2
Mirs Bay,MM6,22.455567,114.34995,4/24/2017,1,Bottom Water,0.5,0.031,0.7,5,0,0.004,0,33.4,0.04,0.3,0.5,1.8
Mirs Bay,MM6,22.455567,114.34995,5/26/2017,1,Surface Water,0.9,0.052,1,5.7,4,0.004,0,31.5,0.08,0.35,1.4,1.5
Mirs Bay,MM6,22.455567,114.34995,5/26/2017,1,Middle Water,1,0.054,0.9,6,0,0.004,0.3,32.3,0.07,0.43,0.3,1.5
Mirs Bay,MM6,22.455567,114.34995,5/26/2017,1,Bottom Water,1.2,0.046,1.1,5.6,1,0.004,0,32.5,0.07,0.61,0.8,1.4
Mirs Bay,MM6,22.455567,114.34995,6/15/2017,1,Surface Water,0.9,0.04,0.8,6.1,80,0.003,0.6,30,0.08,0.4,0.7,0
Mirs Bay,MM6,22.455567,114.34995,6/15/2017,1,Middle Water,0.7,0.037,1.1,5.5,12,0.002,0.5,31.6,0.06,0.35,0.9,0.6
Mirs Bay,MM6,22.455567,114.34995,6/15/2017,1,Bottom Water,1,0.041,0.7,5.5,11,0.003,0.3,32,0.06,0.48,0.5,0.5
Mirs Bay,MM6,22.455567,114.34995,7/14/2017,1,Surface Water,2.1,0.023,4.3,5.9,0,0.002,1.2,27.5,0.09,0.26,4,1.3
Mirs Bay,MM6,22.455567,114.34995,7/14/2017,1,Middle Water,1.9,0.02,5.3,7.3,1,0.004,1.9,28.1,0.07,0.23,0.6,1.2
Mirs Bay,MM6,22.455567,114.34995,7/14/2017,1,Bottom Water,1.5,0.049,3.4,3.6,1,0.005,2.8,33.2,0.07,0.22,1.6,1.2
Mirs Bay,MM6,22.455567,114.34995,8/25/2017,1,Surface Water,0.8,0.015,3.8,5.3,4,0.014,0,33.3,0.02,0.37,0.3,1.4
Mirs Bay,MM6,22.455567,114.34995,8/25/2017,1,Middle Water,0.5,0.031,2.4,3.9,8,0.015,0.5,33.9,0.04,0.33,1.2,1.8
Mirs Bay,MM6,22.455567,114.34995,8/25/2017,1,Bottom Water,0.4,0.046,1.1,3.2,8,0.017,0.4,34.1,0.07,0.42,2.6,2.2
Mirs Bay,MM6,22.455567,114.34995,9/21/2017,1,Surface Water,1.4,0.018,0.7,6.6,15,0.005,0.7,30.9,0.03,0.96,0.8,2.6
Mirs Bay,MM6,22.455567,114.34995,9/21/2017,1,Middle Water,1.4,0.01,1.7,6.5,2,0.005,1.3,31,0.01,0.74,0.8,2.4
Mirs Bay,MM6,22.455567,114.34995,9/21/2017,1,Bottom Water,1.3,0.021,1.7,5.5,1,0.004,1.4,31.4,0.03,1.11,1.1,2.1
Mirs Bay,MM6,22.455567,114.34995,10/25/2017,1,Surface Water,1.7,0.024,2.1,5.8,0,0.004,0.4,31.3,0.04,0.75,4.8,0.8
Mirs Bay,MM6,22.455567,114.34995,10/25/2017,1,Middle Water,1.3,0.011,1.5,6.3,0,0.01,1,32.2,0.07,0.35,1.3,1
Mirs Bay,MM6,22.455567,114.34995,10/25/2017,1,Bottom Water,1.4,0.014,2.5,5.7,0,0.008,0.7,32.4,0.06,0.26,1.6,0.8
